N4_ID_si_denumire,(Все)
Item,(Все)
,
Названия строк,Articol
50 Piese si accesorii pt vehicule,
5001 Elemente de caroserie,
500101 Bara auto si accesorii,
"50010101 Piese/accesorii vehicule, Bara auto fata",115212 - Bara auto fata _ - buc
,120673 - Bara reactiva K-3 MAZ 5337 - buc
"50010101 Piese/accesorii vehicule, Bara auto fata Итог",
"50010102 Piese/accesorii vehicule, Bara auto spate",115213 - Bara auto spate _ - buc
"50010102 Piese/accesorii vehicule, Bara auto spate Итог",
"50010103 Piese/accesorii vehicule, Grila pt bara auto",115214 - Grila pt bara auto _ - buc
"50010103 Piese/accesorii vehicule, Grila pt bara auto Итог",
"50010104 Piese/accesorii vehicule, Grila pt proiector auto",115215 - Grila pt proiector auto _ - buc
"50010104 Piese/accesorii vehicule, Grila pt proiector auto Итог",
"50010105 Piese/accesorii vehicule, Grila pt radiator",115216 - Grila pt radiator _ - buc
"50010105 Piese/accesorii vehicule, Grila pt radiator Итог",
"50010106 Piese/accesorii vehicule, Armatura la bara din fata",115217 - Armatura la bara din fata _ - buc
"50010106 Piese/accesorii vehicule, Armatura la bara din fata Итог",
"50010107 Piese/accesorii vehicule, Panou frontal (trager)",115218 - Panou frontal (trager) _ - buc
"50010107 Piese/accesorii vehicule, Panou frontal (trager) Итог",
"50010108 Piese/accesorii vehicule, Suport numar inmatriculare",115219 - Suport numar inmatriculare _ - buc
"50010108 Piese/accesorii vehicule, Suport numar inmatriculare Итог",
"50010109 Piese/accesorii vehicule, Suport prindere bara",115220 - Suport prindere bara _ - buc
"50010109 Piese/accesorii vehicule, Suport prindere bara Итог",
500102 Usi auto si accesorii,
"50010201 Piese/accesorii vehicule, Usa auto fata",115221 - Usa auto fata _ - buc
"50010201 Piese/accesorii vehicule, Usa auto fata Итог",
"50010202 Piese/accesorii vehicule, Usa portbagaj",115222 - Usa portbagaj _ - buc
"50010202 Piese/accesorii vehicule, Usa portbagaj Итог",
"50010203 Piese/accesorii vehicule, Geam la usa auto",115223 - Geam la usa auto _ - buc
"50010203 Piese/accesorii vehicule, Geam la usa auto Итог",
"50010204 Piese/accesorii vehicule, Oglinda retrovizoare",115224 - Oglinda retrovizoare _ - buc
"50010204 Piese/accesorii vehicule, Oglinda retrovizoare Итог",
"50010205 Piese/accesorii vehicule, Sticla la oglinda retrovizoare",115225 - Sticla la oglinda retrovizoare _ - buc
"50010205 Piese/accesorii vehicule, Sticla la oglinda retrovizoare Итог",
"50010206 Piese/accesorii vehicule, Rola usa culisanta",115226 - Rola usa culisanta _ - buc
"50010206 Piese/accesorii vehicule, Rola usa culisanta Итог",
"50010207 Piese/accesorii vehicule, Opritor usa auto",115227 - Opritor usa auto _ - buc
,120315 - Angrenaj de blocare a usii(stanga) KAMAZ - buc
,120316 - Dispozitiv/fixator de blocare a usii(stanga) KAMAZ - buc
"50010207 Piese/accesorii vehicule, Opritor usa auto Итог",
"50010208 Piese/accesorii vehicule, Cheder cauciuc",115228 - Cheder cauciuc _ - buc
"50010208 Piese/accesorii vehicule, Cheder cauciuc Итог",
500103 Manere auto si accesorii,
"50010301 Piese/accesorii vehicule, Maner auto la capota",115229 - Maner auto la capota _ - buc
"50010301 Piese/accesorii vehicule, Maner auto la capota Итог",
"50010302 Piese/accesorii vehicule, Maner auto la usa interior",115230 - Maner auto la usa interior _ - buc
"50010302 Piese/accesorii vehicule, Maner auto la usa interior Итог",
"50010303 Piese/accesorii vehicule, Maner auto la usa exterior",115231 - Maner auto la usa exterior _ - buc
"50010303 Piese/accesorii vehicule, Maner auto la usa exterior Итог",
"50010304 Piese/accesorii vehicule, Maner auto la port bagaj",115232 - Maner auto la port bagaj _ - buc
"50010304 Piese/accesorii vehicule, Maner auto la port bagaj Итог",
"50010305 Piese/accesorii vehicule, Balamale auto",115233 - Balamale auto _ - buc
"50010305 Piese/accesorii vehicule, Balamale auto Итог",
"50010306 Piese/accesorii vehicule, Butuc pt capota",115234 - Butuc pt capota _ - buc
"50010306 Piese/accesorii vehicule, Butuc pt capota Итог",
"50010307 Piese/accesorii vehicule, Butuc pt usa",115235 - Butuc pt usa _ - buc
"50010307 Piese/accesorii vehicule, Butuc pt usa Итог",
"50010308 Piese/accesorii vehicule, Butuc pt portbagaj",115236 - Butuc pt portbagaj _ - buc
"50010308 Piese/accesorii vehicule, Butuc pt portbagaj Итог",
"50010309 Piese/accesorii vehicule, Broasca pt capota",115237 - Broasca pt capota _ - buc
"50010309 Piese/accesorii vehicule, Broasca pt capota Итог",
"50010310 Piese/accesorii vehicule, Broasca pt usa auto",115238 - Broasca pt usa auto _ - buc
"50010310 Piese/accesorii vehicule, Broasca pt usa auto Итог",
"50010311 Piese/accesorii vehicule, Broasca pt portbagaj",115239 - Broasca pt portbagaj _ - buc
"50010311 Piese/accesorii vehicule, Broasca pt portbagaj Итог",
500104 Stergatoare auto si accesorii,
"50010401 Piese/accesorii vehicule, Set stergatoare auto",115240 - Set stergatoare auto _ - set
"50010401 Piese/accesorii vehicule, Set stergatoare auto Итог",
"50010402 Piese/accesorii vehicule, Brat la stergatoare auto",115241 - Brat la stergatoare auto _ - buc
"50010402 Piese/accesorii vehicule, Brat la stergatoare auto Итог",
"50010403 Piese/accesorii vehicule, Pierie stergator auto",115242 - Perie stergator auto _ - buc
"50010403 Piese/accesorii vehicule, Pierie stergator auto Итог",
"50010404 Piese/accesorii vehicule, Grila la stergator auto",115243 - Grila la stergator auto _ - buc
"50010404 Piese/accesorii vehicule, Grila la stergator auto Итог",
"50010405 Piese/accesorii vehicule, Stergator faruri",115244 - Stergator faruri _ - buc
"50010405 Piese/accesorii vehicule, Stergator faruri Итог",
500105 Parbriz si duse de spalare,
"50010501 Piese/accesorii vehicule, Parbriz",115245 - Parbriz _ - buc
"50010501 Piese/accesorii vehicule, Parbriz Итог",
"50010502 Piese/accesorii vehicule, Luneta",115246 - Luneta _ - buc
"50010502 Piese/accesorii vehicule, Luneta Итог",
"50010503 Piese/accesorii vehicule, Duza de spalare parbriz",115247 - Duza de spalare parbriz _ - buc
"50010503 Piese/accesorii vehicule, Duza de spalare parbriz Итог",
500106 Capota si amortizatoare,
"50010601 Piese/accesorii vehicule, Capota fata",115248 - Capota fata _ - buc
"50010601 Piese/accesorii vehicule, Capota fata Итог",
"50010602 Piese/accesorii vehicule, Capota sapate",115249 - Capota sapate _ - buc
"50010602 Piese/accesorii vehicule, Capota sapate Итог",
"50010603 Piese/accesorii vehicule, Amortizor capota",115250 - Amortizor capota _ - buc
,121756 - Amortizor capota KaMaz - buc
"50010603 Piese/accesorii vehicule, Amortizor capota Итог",
500107 Aripa si carenaj roata,
"50010701 Piese/accesorii vehicule, Aripa fata",115251 - Aripa fata _ - buc
"50010701 Piese/accesorii vehicule, Aripa fata Итог",
"50010702 Piese/accesorii vehicule, Aripa spate",115252 - Aripa spate _ - buc
"50010702 Piese/accesorii vehicule, Aripa spate Итог",
"50010703 Piese/accesorii vehicule, Carenaj roata",115253 - Carenaj roata _ - buc
,120666 - Coroana roata MAZ 5337 - buc
,120667 - Cerc dintre roti MAZ 5337 - buc
,120669 - Clin roata MAZ 5337 - buc
"50010703 Piese/accesorii vehicule, Carenaj roata Итог",
500108 Hardtop,
"50010801 Piese/accesorii vehicule, Hardtop",115254 - Hardtop _ - buc
"50010801 Piese/accesorii vehicule, Hardtop Итог",
500109 Panou despartitor,
"50010901 Piese/accesorii vehicule, Panou despartitor",115255 - Panou despartitor _ - buc
"50010901 Piese/accesorii vehicule, Panou despartitor Итог",
500110 Cadru motor,
"50011001 Piese/accesorii vehicule, Cadru motor",115256 - Cadru motor _ - buc
"50011001 Piese/accesorii vehicule, Cadru motor Итог",
500111 Scut protectie motor,
"50011101 Piese/accesorii vehicule, Scut protectie motor",115257 - Scut protectie motor _ - buc
"50011101 Piese/accesorii vehicule, Scut protectie motor Итог",
500112 Suport baterie auto,
"50011201 Piese/accesorii vehicule, Suport baterie auto",115258 - Suport baterie auto _ - buc
"50011201 Piese/accesorii vehicule, Suport baterie auto Итог",
"50011202 Piese/accesorii vehicule, Carcasa baterie auto",115259 - Carcasa baterie auto _ - buc
"50011202 Piese/accesorii vehicule, Carcasa baterie auto Итог",
500113 Vase si busoane,
"50011301 Piese/accesorii vehicule, Usita rezervor",115260 - Usita rezervor _ - buc
"50011301 Piese/accesorii vehicule, Usita rezervor Итог",
"50011302 Piese/accesorii vehicule, Buson rezervor",115261 - Buson rezervor _ - buc
"50011302 Piese/accesorii vehicule, Buson rezervor Итог",
"50011303 Piese/accesorii vehicule, Buson vas lichid parbriz",115262 - Buson vas lichid parbriz _ - buc
"50011303 Piese/accesorii vehicule, Buson vas lichid parbriz Итог",
"50011304 Piese/accesorii vehicule, Vas lichid parbriz",115263 - Vas lichid parbriz _ - buc
"50011304 Piese/accesorii vehicule, Vas lichid parbriz Итог",
"50011305 Piese/accesorii vehicule, Buson radiator",115264 - Buson radiator _ - buc
"50011305 Piese/accesorii vehicule, Buson radiator Итог",
"50011306 Piese/accesorii vehicule, Buson vas expansiune",115265 - Buson vas expansiune _ - buc
"50011306 Piese/accesorii vehicule, Buson vas expansiune Итог",
"50011307 Piese/accesorii vehicule, Buson umplere ulei",115266 - Buson umplere ulei _ - buc
"50011307 Piese/accesorii vehicule, Buson umplere ulei Итог",
"50011308 Piese/accesorii vehicule, Surub golire baie ulei",115267 - Surub golire baie ulei _ - buc
"50011308 Piese/accesorii vehicule, Surub golire baie ulei Итог",
"50011309 Piese/accesorii vehicule, Joja ulei",115268 - Joja ulei _ - buc
"50011309 Piese/accesorii vehicule, Joja ulei Итог",
500199 Alte piese de caroserie,
"50019901 Piese/accesorii vehicule, Trapa auto",115269 - Trapa auto _ - buc
,120072 - Set carcasa trapa - buc
"50019901 Piese/accesorii vehicule, Trapa auto Итог",
"50019902 Piese/accesorii vehicule, Bandou",115270 - Bandou _ - buc
"50019902 Piese/accesorii vehicule, Bandou Итог",
"50019903 Piese/accesorii vehicule, Bullbar",115271 - Bullbar _ - buc
"50019903 Piese/accesorii vehicule, Bullbar Итог",
"50019904 Piese/accesorii vehicule, Clipsa auto",115272 - Clipsa auto _ - buc
"50019904 Piese/accesorii vehicule, Clipsa auto Итог",
"50019905 Piese/accesorii vehicule, Spoiler",115273 - Spoiler _ - buc
"50019905 Piese/accesorii vehicule, Spoiler Итог",
"5002 Faruri,  stopuri, lumini si piese componente",
500201 Becuri auto,
"50020101 Piese/accesorii vehicule, Bec la faruri",115274 - Bec la faruri _ - buc
,115275 - Bec la faruri C10W - buc
,115276 - Bec la faruri C5W - buc
,115277 - Bec la faruri D2S - buc
,115278 - Bec la faruri H1 - buc
,115279 - Bec la faruri H11 - buc
,115280 - Bec la faruri H4 - buc
,115281 - Bec la faruri H7 - buc
,115282 - Bec la faruri P21/5W - buc
,115283 - Bec la faruri P21W - buc
,115284 - Bec la faruri W5W - buc
,115285 - Bec la faruri WY21W - buc
,119966 - Bec electric H4 - buc
,119967 - Bec electric far 12V 21/5 - buc
,119968 - Bec electric 12 60+55W - buc
,119969 - Bec electric 12V H7 - buc
,"119970 - Bec electric 12V, 3 contacte - buc"
,119972 - Bec electric far H4 24V - buc
,120621 - Bec electric far R10W 12V - buc
"50020101 Piese/accesorii vehicule, Bec la faruri Итог",
"50020102 Piese/accesorii vehicule, Bec la stopuri",115286 - Bec la stopuri _ - buc
"50020102 Piese/accesorii vehicule, Bec la stopuri Итог",
"50020103 Piese/accesorii vehicule, Bec de semnalizare",115287 - Bec de semnalizare _ - buc
,119971 - Bec electric de semnalizare 24V - buc
"50020103 Piese/accesorii vehicule, Bec de semnalizare Итог",
500202 Lampi numar,
"50020201 Piese/accesorii vehicule, Lampi numar",115288 - Lampi numar _ - buc
"50020201 Piese/accesorii vehicule, Lampi numar Итог",
500203 Lumini interior,
"50020301 Piese/accesorii vehicule, Lumini interior",115289 - Lumini interior _ - buc
"50020301 Piese/accesorii vehicule, Lumini interior Итог",
"500204 Faruri, faruri de proiectie si semnalizare",
"50020401 Piese/accesorii vehicule, Far fata",115290 - Far fata _ - buc
"50020401 Piese/accesorii vehicule, Far fata Итог",
"50020402 Piese/accesorii vehicule, Far spate (stop)",115291 - Far spate (stop) _ - buc
,120591 - Felinar spate GAZ 53 - buc
"50020402 Piese/accesorii vehicule, Far spate (stop) Итог",
"50020403 Piese/accesorii vehicule, Far proiector ceata",115292 - Far proiector ceata _ - buc
"50020403 Piese/accesorii vehicule, Far proiector ceata Итог",
"50020404 Piese/accesorii vehicule, Far de semnalizare",115293 - Far de semnalizare _ - buc
"50020404 Piese/accesorii vehicule, Far de semnalizare Итог",
500205 Accesorii la faruri,
"50020501 Piese/accesorii vehicule, Suport far",115294 - Suport far _ - buc
"50020501 Piese/accesorii vehicule, Suport far Итог",
"50020502 Piese/accesorii vehicule, Sticla far",115295 - Sticla far _ - buc
"50020502 Piese/accesorii vehicule, Sticla far Итог",
"50020503 Piese/accesorii vehicule, Catadioptru",115296 - Catadioptru _ - buc
"50020503 Piese/accesorii vehicule, Catadioptru Итог",
500299 Alte piese lumini auto,
"50029901 Piese/accesorii vehicule, Alte piese lumini auto","115297 - Pozitii neclasificate, Alte piese lumini auto - buc"
"50029901 Piese/accesorii vehicule, Alte piese lumini auto Итог",
5003 Dotari si componente electrice si electronice auto,
500301 Acumulatori auto,
"50030101 Piese/accesorii vehicule, Acumulatori auto cu plumb",115298 - Acumulatori auto cu plumb _ _V _Ah - buc
,115299 - Acumulatori auto cu plumb _ _V 100Ah - buc
,115302 - Acumulatori auto cu plumb _ _V 600Ah - buc
,115303 - Acumulatori auto cu plumb _ _V 60Ah - buc
,115304 - Acumulatori auto cu plumb _ _V 74Ah - buc
,115305 - Acumulatori auto cu plumb _ _V 75Ah - buc
,115306 - Acumulatori auto cu plumb _ _V 800Ah - buc
,115307 - Acumulatori auto cu plumb _ _V 90Ah - buc
,115308 - Acumulatori auto cu plumb _ _V 950 Ah - buc
,115309 - Acumulatori auto cu plumb _ 12V 140Ah - buc
,115310 - Acumulatori auto cu plumb _ 12V 190Ah - buc
,115311 - Acumulatori auto cu plumb _ 12V 60Ah - buc
,115312 - Acumulatori auto cu plumb _ 12V 74Ah - buc
,115313 - Acumulatori auto cu plumb _ 12V 75Ah - buc
,115314 - Acumulatori auto cu plumb Baren 12V 225Ah - buc
,115315 - Acumulatori auto cu plumb Baren 12V 80Ah - buc
,115316 - Acumulatori auto cu plumb Berga _V 60Ah - buc
,115317 - Acumulatori auto cu plumb Berga _V 77Ah - buc
,115318 - Acumulatori auto cu plumb Bosch _V 110Ah - buc
,115319 - Acumulatori auto cu plumb Duracell _V 905 Ah - buc
,115320 - Acumulatori auto cu plumb Exide 12V 62Ah - buc
,115321 - Acumulatori auto cu plumb Fiamm _V 950 Ah - buc
,115322 - Acumulatori auto cu plumb Gdliting 12V 7Ah - buc
,115323 - Acumulatori auto cu plumb Gigawatt _V 100Ah - buc
,115324 - Acumulatori auto cu plumb Gigawatt _V 140Ah - buc
,115325 - Acumulatori auto cu plumb Gigawatt _V 225Ah - buc
,115326 - Acumulatori auto cu plumb Gigawatt _V 74Ah - buc
,115327 - Acumulatori auto cu plumb Helden _V 110Ah - buc
,115328 - Acumulatori auto cu plumb Ista _V _Ah - buc
,115329 - Acumulatori auto cu plumb Ista 12V _Ah - buc
,115330 - Acumulatori auto cu plumb Ista 12V 190Ah - buc
,115331 - Acumulatori auto cu plumb Ista 12V 60Ah - buc
,115332 - Acumulatori auto cu plumb Ista 12V 90Ah - buc
,115333 - Acumulatori auto cu plumb Kursk _V 100Ah - buc
,115334 - Acumulatori auto cu plumb Macht _V 120Ah - buc
,115335 - Acumulatori auto cu plumb Macht _V 180 Ah - buc
,115336 - Acumulatori auto cu plumb Macht 12V 75Ah - buc
,115337 - Acumulatori auto cu plumb Magnum 12V 190Ah - buc
,115338 - Acumulatori auto cu plumb Monbat 12V 45Ah - buc
,115339 - Acumulatori auto cu plumb Oberon 12V _Ah - buc
,115340 - Acumulatori auto cu plumb Oberon 12V 75Ah - buc
,115341 - Acumulatori auto cu plumb Oberon 12V 77Ah - buc
,115342 - Acumulatori auto cu plumb Perion _V 100Ah - buc
,115343 - Acumulatori auto cu plumb Perion _V 140Ah - buc
,115344 - Acumulatori auto cu plumb Perion _V 74Ah - buc
,115345 - Acumulatori auto cu plumb Probat _V 140Ah - buc
,115346 - Acumulatori auto cu plumb Probat _V 60Ah - buc
,115347 - Acumulatori auto cu plumb Robiton 12V 7Ah - buc
,115348 - Acumulatori auto cu plumb Varta _V 110Ah - buc
,115349 - Acumulatori auto cu plumb Varta _V 120Ah - buc
,115350 - Acumulatori auto cu plumb Varta _V 225Ah - buc
,115351 - Acumulatori auto cu plumb Varta _V 52Ah - buc
,115352 - Acumulatori auto cu plumb Vesline _V 100Ah - buc
,115353 - Acumulatori auto cu plumb Vesline _V 140Ah - buc
,115354 - Acumulatori auto cu plumb Vesline _V 190Ah - buc
,115355 - Acumulatori auto cu plumb Vesline _V 90Ah - buc
,115356 - Acumulatori auto cu plumb Vesta 12V 140Ah - buc
,115357 - Acumulatori auto cu plumb Westa _V _Ah - buc
,115358 - Acumulatori auto cu plumb Westa 12V 100Ah - buc
,115359 - Acumulatori auto cu plumb Westa 12V 140Ah - buc
,115360 - Acumulatori auto cu plumb Westa 12V 190Ah - buc
,115361 - Acumulatori auto cu plumb Westa 12V 60Ah - buc
,115362 - Acumulatori auto cu plumb Westa 12V 75Ah - buc
,115300 - Acumulatori auto cu plumb 12V 120Ah 870A - buc
,115301 - Acumulatori auto cu plumb 12V 190Ah 1100A - buc
,119974 - Acumulator auto cu plumb 12V 50Ah - buc
,120164 - Acumulatori auto cu plumb 12V 225Ah 1200A - buc
,120165 - Acumulator auto cu plumb 12V 93Ah 700A - buc
,120167 - Acumulator auto cu plumb 12V 78Ah 680A - buc
,120958 - Acumulator auto cu plumb 12V 63-65Ah 610-680A - buc
,120963 - Acumulator auto cu plumb 12V 74-78Ah 680-730A - buc
,120964 - Acumulator auto cu plumb 12V 90-95Ah 720-850A - buc
,120965 - Acumulator auto cu plumb 12V 100-105Ah 830-950A - buc
,120966 - Acumulator auto cu plumb 12V 110Ah 900-950A - buc
,120967 - Acumulator auto cu plumb 12V 120Ah 870-950A - buc
,120968 - Acumulator auto cu plumb 12V 140Ah 800-950A - buc
,120969 - Acumulator auto cu plumb 12V 190Ah 1050-1250A - buc
,121597 - Acumulator auto cu plumb 12V 225Ah 1050-1200A - buc
"50030101 Piese/accesorii vehicule, Acumulatori auto cu plumb Итог",
"50030102 Piese/accesorii vehicule, Acumulatori auto cu gel",115363 - Acumulatori auto cu gel _ _V _Ah - buc
,115364 - Acumulatori auto cu gel Sznajder 6V 215Ah - buc
"50030102 Piese/accesorii vehicule, Acumulatori auto cu gel Итог",
"50030103 Piese/accesorii vehicule, Acumulatori auto AGM",115365 - Acumulatori auto AGM _ _V _Ah - buc
,115366 - Acumulatori auto AGM Ista 12V 140Ah - buc
"50030103 Piese/accesorii vehicule, Acumulatori auto AGM Итог",
"50030104 Piese/accesorii vehicule, Acumulatori auto EFB",115367 - Acumulatori auto EFB _ _V _Ah - buc
,115368 - Acumulatori auto EFB Dynavolt 12V 55Ah - buc
"50030104 Piese/accesorii vehicule, Acumulatori auto EFB Итог",
"500303 Demaror, bendix si parti componente",
"50030301 Piese/accesorii vehicule, Demaror (sarter) pt vehicole",115370 - Demaror vehicole _ - buc
,120689 - Demaror vehicole KaMaz - buc
,121380 - Demaror vehicole 12V 2.7kW MTZ 82 - buc
"50030301 Piese/accesorii vehicule, Demaror (sarter) pt vehicole Итог",
"50030302 Piese/accesorii vehicule, Releu demaror (starter)",115371 - Releu demaror _ - buc
,121524 - Contacte distribuitor de pornire GAZ 53 - buc
,121526 - Peria starter GAZ 53 - buc
,121527 - Papuc electric GAZ 53 - buc
"50030302 Piese/accesorii vehicule, Releu demaror (starter) Итог",
"50030303 Piese/accesorii vehicule, Bendix demaror (starter)",115372 - Bendix electromotor _ - buc
"50030303 Piese/accesorii vehicule, Bendix demaror (starter) Итог",
"50030304 Piese/accesorii vehicule, Pinion bendix",115373 - Pinion bendix _ - buc
"50030304 Piese/accesorii vehicule, Pinion bendix Итог",
"50030305 Piese/accesorii vehicule, Furca bendix",115374 - Furca bendix _ - buc
"50030305 Piese/accesorii vehicule, Furca bendix Итог",
"50030306 Piese/accesorii vehicule, Perii colectoare la demaror",115375 - Perii colectoare la demaror _ - buc
,119988 - Perii demaror Kamaz grafit - buc
"50030306 Piese/accesorii vehicule, Perii colectoare la demaror Итог",
"50030307 Piese/accesorii vehicule, Rotor (bobina) la demaror",115376 - Rotor (bobina) la demaror _ - buc
"50030307 Piese/accesorii vehicule, Rotor (bobina) la demaror Итог",
"50030308 Piese/accesorii vehicule, Bucsa arbore demaror",115377 - Bucsa arbore demaror _ - buc
"50030308 Piese/accesorii vehicule, Bucsa arbore demaror Итог",
500304 Bloc lumini,
"50030401 Piese/accesorii vehicule, Bloc lumini",115378 - Bloc lumini _ - buc
"50030401 Piese/accesorii vehicule, Bloc lumini Итог",
500305 Bobina electromotor,
"50030501 Piese/accesorii vehicule, Bobina electromotor",115379 - Bobina electromotor _ - buc
"50030501 Piese/accesorii vehicule, Bobina electromotor Итог",
500306 Borne baterie,
"50030601 Piese/accesorii vehicule, Borne baterie",115380 - Borna baterie - buc
"50030601 Piese/accesorii vehicule, Borne baterie Итог",
"50030602 Piese/accesorii vehicule, Comutator de masa",119981 - Comutator de masa Kamaz 24V - buc
,120293 - Comutator Gaz/Uaz - buc
"50030602 Piese/accesorii vehicule, Comutator de masa Итог",
500307 Cablaje,
"50030701 Piese/accesorii vehicule, Cablaje",115381 - Cablaj auto _ - buc
"50030701 Piese/accesorii vehicule, Cablaje Итог",
500308 Calculatoare auto,
"50030801 Piese/accesorii vehicule, Calculator ABS",115382 - Calculator ABS _ - buc
"50030801 Piese/accesorii vehicule, Calculator ABS Итог",
"50030802 Piese/accesorii vehicule, Calculator airbag",115383 - Calculator airbag _ - buc
"50030802 Piese/accesorii vehicule, Calculator airbag Итог",
"50030803 Piese/accesorii vehicule, Calculator clima",115384 - Calculator clima _ - buc
"50030803 Piese/accesorii vehicule, Calculator clima Итог",
"50030804 Piese/accesorii vehicule, Calculator confort",115385 - Calculator confort _ - buc
"50030804 Piese/accesorii vehicule, Calculator confort Итог",
"50030805 Piese/accesorii vehicule, Calculator cutie automata",115386 - Calculator cutie automata _ - buc
"50030805 Piese/accesorii vehicule, Calculator cutie automata Итог",
"50030806 Piese/accesorii vehicule, Calculator ECU",115387 - Calculator ECU _ - buc
"50030806 Piese/accesorii vehicule, Calculator ECU Итог",
"50030807 Piese/accesorii vehicule, Calculator frana mana",115388 - Calculator frana mana _ - buc
"50030807 Piese/accesorii vehicule, Calculator frana mana Итог",
"50030808 Piese/accesorii vehicule, Calculator injectie",115389 - Calculator injectie _ - buc
"50030808 Piese/accesorii vehicule, Calculator injectie Итог",
"50030809 Piese/accesorii vehicule, Calculator lumini",115390 - Calculator lumini _ - buc
"50030809 Piese/accesorii vehicule, Calculator lumini Итог",
500309 Claxoane auto,
"50030901 Piese/accesorii vehicule, Claxoane auto",115391 - Claxon _ - buc
"50030901 Piese/accesorii vehicule, Claxoane auto Итог",
500310 Diode alternator,
"50031001 Piese/accesorii vehicule, Diode alternator",115392 - Diod alternator _ - buc
"50031001 Piese/accesorii vehicule, Diode alternator Итог",
500311 Electromotoare si invertoare,
"50031101 Piese/accesorii vehicule, Electromotor",115393 - Electromotor _ - buc
"50031101 Piese/accesorii vehicule, Electromotor Итог",
"50031102 Piese/accesorii vehicule, Invertor auto",115394 - Invertor auto _ - buc
"50031102 Piese/accesorii vehicule, Invertor auto Итог",
500312 Imobilizator,
"50031201 Piese/accesorii vehicule, Imobilizator",115395 - Imobilizator _ - buc
"50031201 Piese/accesorii vehicule, Imobilizator Итог",
500313 Instalatie electrica,
"50031301 Piese/accesorii vehicule, Instalatie electrica",115396 - Instalatie electrica _ - buc
"50031301 Piese/accesorii vehicule, Instalatie electrica Итог",
500314 Interfete diagnoza,
"50031401 Piese/accesorii vehicule, Interfete diagnoza",115397 - Interfete diagnoza _ - buc
"50031401 Piese/accesorii vehicule, Interfete diagnoza Итог",
500315 Macara geam electric,
"50031501 Piese/accesorii vehicule, Macara geam electric",115398 - Macara geam electric _ - buc
"50031501 Piese/accesorii vehicule, Macara geam electric Итог",
500316 Manete auto,
"50031601 Piese/accesorii vehicule, Maneta semnalizare",115399 - Maneta semnalizare _ - buc
"50031601 Piese/accesorii vehicule, Maneta semnalizare Итог",
"50031602 Piese/accesorii vehicule, Maneta stergatoare",115400 - Maneta stergatoare _ - buc
"50031602 Piese/accesorii vehicule, Maneta stergatoare Итог",
"50031603 Piese/accesorii vehicule, Maneta tempomat",115401 - Maneta tempomat _ - buc
"50031603 Piese/accesorii vehicule, Maneta tempomat Итог",
500317 Motorase auto,
"50031701 Piese/accesorii vehicule, Motoras deschidere portbagaj",115402 - Motoras deschidere portbagaj _ - buc
"50031701 Piese/accesorii vehicule, Motoras deschidere portbagaj Итог",
"50031702 Piese/accesorii vehicule, Motoras macara geam",115403 - Motoras macara geam _ - buc
"50031702 Piese/accesorii vehicule, Motoras macara geam Итог",
"50031703 Piese/accesorii vehicule, Motoras stergatoare",115404 - Motoras stergatoare _ - buc
"50031703 Piese/accesorii vehicule, Motoras stergatoare Итог",
"50031704 Piese/accesorii vehicule, Ansamblu stergatoare cu motoras",115405 - Ansamblu stergatoare cu motoras _ - buc
,120179 - Ansamblu stergator parbriz cu motoras - buc
"50031704 Piese/accesorii vehicule, Ansamblu stergatoare cu motoras Итог",
"50031705 Piese/accesorii vehicule, Motoras far",115406 - Motoras far _ - buc
"50031705 Piese/accesorii vehicule, Motoras far Итог",
"50031706 Piese/accesorii vehicule, Pompita lichid parbriz",115407 - Pompita lichid parbriz _ - buc
"50031706 Piese/accesorii vehicule, Pompita lichid parbriz Итог",
500318 Panou sigurante,
"50031801 Piese/accesorii vehicule, Panou sigurante",115408 - Panou sigurante _ - buc
"50031801 Piese/accesorii vehicule, Panou sigurante Итог",
500319 Priza carlig,
"50031901 Piese/accesorii vehicule, Priza carlig",115409 - Priza carlig _ - buc
"50031901 Piese/accesorii vehicule, Priza carlig Итог",
"500320 Releu, rezistente si sigurante auto",
"50032001 Piese/accesorii vehicule, Releu alternator auto",115410 - Releu alternator auto _ - buc
"50032001 Piese/accesorii vehicule, Releu alternator auto Итог",
"50032002 Piese/accesorii vehicule, Releu pompa combustibil",115411 - Releu pompa combustibil _ - buc
"50032002 Piese/accesorii vehicule, Releu pompa combustibil Итог",
"50032003 Piese/accesorii vehicule, Releu semnalizare",115412 - Releu semnalizare _ - buc
,121273 - Releu semnalizare RS-57 GAZ 53 - buc
"50032003 Piese/accesorii vehicule, Releu semnalizare Итог",
"50032004 Piese/accesorii vehicule, Releu ventilator auto",115413 - Releu ventilator auto _ - buc
"50032004 Piese/accesorii vehicule, Releu ventilator auto Итог",
"50032005 Piese/accesorii vehicule, Rezistenta aeroterma",115414 - Rezistenta aeroterma _ - buc
"50032005 Piese/accesorii vehicule, Rezistenta aeroterma Итог",
"50032006 Piese/accesorii vehicule, Sigurante auto",115415 - Sigurante auto - buc
"50032006 Piese/accesorii vehicule, Sigurante auto Итог",
"50032007 Piese/accesorii vehicule, Condesator auto",115416 - Condesator auto - buc
,120643 - Condensator GAZ 53 - buc
"50032007 Piese/accesorii vehicule, Condesator auto Итог",
500321 Senzori auto,
"50032101 Piese/accesorii vehicule, Senzor parcare",115417 - Senzor parcare _ - buc
"50032101 Piese/accesorii vehicule, Senzor parcare Итог",
"50032102 Piese/accesorii vehicule, Senzor ax came",115418 - Senzor ax came _ - buc
"50032102 Piese/accesorii vehicule, Senzor ax came Итог",
"50032103 Piese/accesorii vehicule, Senzor MAP",115419 - Senzor MAP _ - buc
"50032103 Piese/accesorii vehicule, Senzor MAP Итог",
"50032104 Piese/accesorii vehicule, Senzor nivel ulei",115420 - Senzor nivel ulei _ - buc
"50032104 Piese/accesorii vehicule, Senzor nivel ulei Итог",
"50032105 Piese/accesorii vehicule, Senzor temperatura aer admisie",115421 - Senzor temperatura aer admisie _ - buc
"50032105 Piese/accesorii vehicule, Senzor temperatura aer admisie Итог",
"50032106 Piese/accesorii vehicule, Senzor temperatura exterioara",115422 - Senzor temperatura exterioara _ - buc
"50032106 Piese/accesorii vehicule, Senzor temperatura exterioara Итог",
"50032107 Piese/accesorii vehicule, Senzor temperatura interioara",115423 - Senzor temperatura interioara _ - buc
"50032107 Piese/accesorii vehicule, Senzor temperatura interioara Итог",
"50032108 Piese/accesorii vehicule, Senzor temperatura lichidului de racire",115424 - Senzor temperatura lichidului de racire _ - buc
"50032108 Piese/accesorii vehicule, Senzor temperatura lichidului de racire Итог",
"50032109 Piese/accesorii vehicule, Senzor temperatura ulei",115425 - Senzor temperatura ulei _ - buc
"50032109 Piese/accesorii vehicule, Senzor temperatura ulei Итог",
"50032110 Piese/accesorii vehicule, Senzor presiune ulei",115426 - Senzor presiune ulei _ - buc
"50032110 Piese/accesorii vehicule, Senzor presiune ulei Итог",
"50032111 Piese/accesorii vehicule, Senzor vibrochen (arc cotit)",115427 - Senzor vibrochen (arc cotit) _ - buc
"50032111 Piese/accesorii vehicule, Senzor vibrochen (arc cotit) Итог",
"50032112 Piese/accesorii vehicule, Senzor de lumina auto",115428 - Senzor de lumina auto _ - buc
"50032112 Piese/accesorii vehicule, Senzor de lumina auto Итог",
"50032113 Piese/accesorii vehicule, Senzor la motor",115429 - Senzor la motor _ - buc
"50032113 Piese/accesorii vehicule, Senzor la motor Итог",
"50032114 Piese/accesorii vehicule, Senzor de ploaie",115430 - Senzor de ploaie _ - buc
"50032114 Piese/accesorii vehicule, Senzor de ploaie Итог",
"50032115 Piese/accesorii vehicule, Senzor presiune roti",115431 - Senzor presiune roti _ - buc
"50032115 Piese/accesorii vehicule, Senzor presiune roti Итог",
500322 Sonda marsarier,
"50032201 Piese/accesorii vehicule, Sonda marsarier",115432 - Sonda marsarier _ - buc
"50032201 Piese/accesorii vehicule, Sonda marsarier Итог",
500323 GPS auto,
"50032301 Piese/accesorii vehicule, Aparat GPS auto",115433 - GPS auto _ - buc
,115434 - GPS auto Ecolight - buc
,115435 - GPS auto Garmin - buc
"50032301 Piese/accesorii vehicule, Aparat GPS auto Итог",
"50032302 Piese/accesorii vehicule, Dispozitiv GPS pt monitorizarea vehiculelor",115436 - Dispozitiv GPS pt monitorizarea vehiculelor _ - buc
,115437 - Dispozitiv GPS pt monitorizarea vehiculelor Ruptela - buc
"50032302 Piese/accesorii vehicule, Dispozitiv GPS pt monitorizarea vehiculelor Итог",
500324 Aparate de radar,
"50032401 Piese/accesorii vehicule, Aparate de radar",115438 - Aparat de radar - buc
"50032401 Piese/accesorii vehicule, Aparate de radar Итог",
500399 Alte piese electrica si electronica,
"50039901 Piese/accesorii vehicule, Alte piese electrica si electronica",115439 - Regulator tensiune _ - buc
,120616 - Suport perii generator 12V ZIL 130 - buc
,120690 - Contact cheie KaMaz - buc
,121826 - Carcasa cheie Dacia Logan - buc
"50039901 Piese/accesorii vehicule, Alte piese electrica si electronica Итог",
500302 Generator/alternator auto,
"50030201 Piese/accesorii vehicule, Generator/alternator auto",115369 - Alternator auto _ - buc
,119737 - Generator/alternator auto MTZ - buc
,121331 - Releu generator auto KaMaz - buc
"50030201 Piese/accesorii vehicule, Generator/alternator auto Итог",
5004 Sistem de aprindere si bujii,
500401 Aprindere electronica,
"50040101 Piese/accesorii vehicule, Aprindere electronica",115440 - Aprindere electronica _ - buc
"50040101 Piese/accesorii vehicule, Aprindere electronica Итог",
500402 Bobina inductie,
"50040201 Piese/accesorii vehicule, Bobina inductie",115441 - Bobina inductie _ - buc
"50040201 Piese/accesorii vehicule, Bobina inductie Итог",
500403 Bujii,
"50040301 Piese/accesorii vehicule, Bujie",115442 - Bujie _ - buc
,121742 - Bujie W19 GAZ 53 - buc
,121747 - Bujie N17 GAZ 53 - buc
"50040301 Piese/accesorii vehicule, Bujie Итог",
"50040302 Piese/accesorii vehicule, Bujie incandescenta",115443 - Bujie incandescenta _ - buc
"50040302 Piese/accesorii vehicule, Bujie incandescenta Итог",
500404 Accesorii bujii,
"50040401 Piese/accesorii vehicule, Delcou",115444 - Delcou _ - buc
"50040401 Piese/accesorii vehicule, Delcou Итог",
"50040402 Piese/accesorii vehicule, Fisa bujii",115445 - Fisa bujii _ - buc
"50040402 Piese/accesorii vehicule, Fisa bujii Итог",
"50040403 Piese/accesorii vehicule, Releu bujii",115446 - Releu bujii _ - buc
"50040403 Piese/accesorii vehicule, Releu bujii Итог",
"50040404 Piese/accesorii vehicule, Rotor distribuitor",115447 - Rotor distribuitor _ - buc
"50040404 Piese/accesorii vehicule, Rotor distribuitor Итог",
"50040405 Piese/accesorii vehicule, Capac declou",115448 - Capac declou _ - buc
"50040405 Piese/accesorii vehicule, Capac declou Итог",
"50040406 Piese/accesorii vehicule, Manson cauciuc bujie",115449 - Manson cauciuc bujie _ - buc
"50040406 Piese/accesorii vehicule, Manson cauciuc bujie Итог",
"500405 Cablu ambreiaj, frana si capota",
"50040501 Piese/accesorii vehicule, Cablu acceleratie",115450 - Cablu acceleratie _ - buc
"50040501 Piese/accesorii vehicule, Cablu acceleratie Итог",
"50040502 Piese/accesorii vehicule, Cablu ambreiaj",115451 - Cablu ambreiaj _ - buc
,121750 - Furtun ambreiaj GAZ 53 - buc
"50040502 Piese/accesorii vehicule, Cablu ambreiaj Итог",
"50040503 Piese/accesorii vehicule, Cablu deschidere capota",115452 - Cablu deschidere capota _ - buc
"50040503 Piese/accesorii vehicule, Cablu deschidere capota Итог",
"50040504 Piese/accesorii vehicule, Cablu deschidere usa",115453 - Cablu deschidere usa _ - buc
"50040504 Piese/accesorii vehicule, Cablu deschidere usa Итог",
"50040505 Piese/accesorii vehicule, Cablu frana",115454 - Cablu frana _ - buc
"50040505 Piese/accesorii vehicule, Cablu frana Итог",
"50040506 Piese/accesorii vehicule, Cablu kilometraj",115455 - Cablu kilometraj _ - buc
"50040506 Piese/accesorii vehicule, Cablu kilometraj Итог",
500499 Alte piese aprindere,
"50049901 Piese/accesorii vehicule, Alte piese aprindere",115456 - Set de aprindere _ - set
,120596 - Contact de aprindere GAZ 53 - buc
"50049901 Piese/accesorii vehicule, Alte piese aprindere Итог",
5005 Sistem de esapament si evacuare,
500501 Catalizator auto,
"50050101 Piese/accesorii vehicule, Catalizator auto",115457 - Catalizator auto _ - buc
"50050101 Piese/accesorii vehicule, Catalizator auto Итог",
500502 Filtru de particule,
"50050201 Piese/accesorii vehicule, Filtru de particule",115458 - Filtru de particule _ - buc
"50050201 Piese/accesorii vehicule, Filtru de particule Итог",
500503 Galerie/colector de evacuare,
"50050301 Piese/accesorii vehicule, Galerie/colector de evacuare",115459 - Galerie evacuare _ - buc
"50050301 Piese/accesorii vehicule, Galerie/colector de evacuare Итог",
500504 Ornament toba,
"50050401 Piese/accesorii vehicule, Ornament toba",115460 - Ornament toba _ - buc
"50050401 Piese/accesorii vehicule, Ornament toba Итог",
500505 Racorduri la toba de esapament,
"50050501 Piese/accesorii vehicule, Racord flexibil la toba de esapament",115461 - Racord flexibil la toba de esapament _ - buc
"50050501 Piese/accesorii vehicule, Racord flexibil la toba de esapament Итог",
"50050502 Piese/accesorii vehicule, Racord la toba de esapament",115462 - Racord la toba de esapament _ - buc
"50050502 Piese/accesorii vehicule, Racord la toba de esapament Итог",
500506 Tampon esapament,
"50050601 Piese/accesorii vehicule, Tampon esapament",115463 - Tampon esapament _ - buc
"50050601 Piese/accesorii vehicule, Tampon esapament Итог",
500507 Toba esapament,
"50050701 Piese/accesorii vehicule, Toba esapament",115464 - Toba esapament _ - buc
,120641 - Toba esapament KaMaz - buc
,121630 - Toba esapament GAZ 53 - buc
,121849 - Inel toba esapament KaMaz - buc
"50050701 Piese/accesorii vehicule, Toba esapament Итог",
500508 Toba intermediara,
"50050801 Piese/accesorii vehicule, Toba intermediara",115465 - Toba intermediara _ - buc
"50050801 Piese/accesorii vehicule, Toba intermediara Итог",
500599 Alte piese evacuare,
"50059901 Piese/accesorii vehicule, Alte piese evacuare",115466 - Set complet evacuare _ - set
"50059901 Piese/accesorii vehicule, Alte piese evacuare Итог",
5006 Sitem de racire motor,
500601 Radiatoare apa auto,
"50060101 Piese/accesorii vehicule, Radiatoare apa auto",115467 - Radiator apa auto _ - buc
,120070 - Radiator racire G-53 - buc
,120601 - Set racord radiator GAZ 53 - buc
,120611 - Radiator racire motor KaMaz - buc
,120656 - Set racord radiator racire ZIL 130 - set
"50060101 Piese/accesorii vehicule, Radiatoare apa auto Итог",
500602 Electroventilatoareauto,
"50060201 Piese/accesorii vehicule, Electroventilator auto",115468 - Electroventilator auto _ - buc
"50060201 Piese/accesorii vehicule, Electroventilator auto Итог",
"50060202 Piese/accesorii vehicule, Ventilator auto",115469 - Ventilator auto _ - buc
"50060202 Piese/accesorii vehicule, Ventilator auto Итог",
"50060203 Piese/accesorii vehicule, Accesorii la ventilatoare auto",115470 - Accesorii la ventilatoare auto _ - buc
"50060203 Piese/accesorii vehicule, Accesorii la ventilatoare auto Итог",
500603 Radiatoare ulei termoflot,
"50060301 Piese/accesorii vehicule, Radiatoare ulei termoflot",115471 - Radiator ulei termoflot _ - buc
"50060301 Piese/accesorii vehicule, Radiatoare ulei termoflot Итог",
500604 Vase expansiune auto,
"50060401 Piese/accesorii vehicule, Vase expansiune auto",115472 - Vas expansiune auto _ - buc
"50060401 Piese/accesorii vehicule, Vase expansiune auto Итог",
500605 Vascocuplaje auto,
"50060501 Piese/accesorii vehicule, Vascocuplaje auto",115473 - Vascocuplaj auto _ - buc
,121687 - Vascocuplaj auto KaMaz - buc
"50060501 Piese/accesorii vehicule, Vascocuplaje auto Итог",
500606 Termocuple auto,
"50060601 Piese/accesorii vehicule, Termocuple auto",115474 - Termocupla auto _ - buc
"50060601 Piese/accesorii vehicule, Termocuple auto Итог",
500607 Termostate auto,
"50060701 Piese/accesorii vehicule, Termostate auto",115475 - Termostat auto _ - buc
"50060701 Piese/accesorii vehicule, Termostate auto Итог",
500699 Alte piese racire,
"50069901 Piese/accesorii vehicule, Furtun la sistemul de racire motor",115476 - Furtun la sistemul de racire motor _ - buc
,120626 - Furtun radiator scurt 68x120 KaMaz - buc
,120627 - Furtun radiator 130x80 indoit KaMaz - buc
,120628 - Furtun 18mm MBS KaMaz - m
,121453 - Furtun hidraulic 32x450 KaMaz - buc
,121613 - Furtun la sistemul de racire motor MAZ 5337 - buc
,120629 -  Manson de radiator (din jos) KaMaz - buc
,121699 - Furtun d10mm la sistemul de racire motor UAZ - m
,121700 - Furtun d6mm la sistemul de racire motor UAZ - m
,121735 - Furtun presiune ulei KaMaz - buc
,121736 - Indicator presiune ulei KaMaz - buc
"50069901 Piese/accesorii vehicule, Furtun la sistemul de racire motor Итог",
"50069902 Piese/accesorii vehicule, Carcasa termostat",115477 - Carcasa termostat _ - buc
"50069902 Piese/accesorii vehicule, Carcasa termostat Итог",
"50069903 Piese/accesorii vehicule, Elemente marunte la sisitemul de racire",115478 - Elemente marunte la sisitemul de racire _ - buc
,121427 - Robinet incalzire bronz KaMaz - buc
,"121697 - Elemente marunte la sisitemul de racire, robinet al radiatorului MTZ 82 - buc"
,"121754 - Elemente marunte la sisitemul de racire, robinet al motorului KaMaz - buc"
"50069903 Piese/accesorii vehicule, Elemente marunte la sisitemul de racire Итог",
5007 Sistem de incalzire si aer conditionat,
500701 Uscator AC auto,
"50070101 Piese/accesorii vehicule, Uscator AC auto",115479 - Uscator AC auto _ - buc
"50070101 Piese/accesorii vehicule, Uscator AC auto Итог",
500702 Aeroterme auto,
"50070201 Piese/accesorii vehicule, Aeroterme auto",115480 - Aeroterma auto _ - buc
"50070201 Piese/accesorii vehicule, Aeroterme auto Итог",
500703 Radiatoare caldura auto,
"50070301 Piese/accesorii vehicule, Radiatoare caldura auto",115481 - Radiator caldura auto _ - buc
"50070301 Piese/accesorii vehicule, Radiatoare caldura auto Итог",
500704 Panouri comanda AC auto,
"50070401 Piese/accesorii vehicule, Panouri comanda AC auto",115482 - Panou comanda AC auto _ - buc
,"121698 - Panou comanda AC auto, panou de bord UAZ - buc"
"50070401 Piese/accesorii vehicule, Panouri comanda AC auto Итог",
500705 Radiatoare clima AC auto,
"50070501 Piese/accesorii vehicule, Radiatoare clima AC auto",115483 - Radiator clima AC auto _ - buc
"50070501 Piese/accesorii vehicule, Radiatoare clima AC auto Итог",
500706 Climatronic auto,
"50070601 Piese/accesorii vehicule, Climatronic auto",115484 - Climatronic auto _ - buc
"50070601 Piese/accesorii vehicule, Climatronic auto Итог",
500707 Compresoare AC auto,
"50070701 Piese/accesorii vehicule, Compresoare AC auto",115485 - Compresor AC auto _ - buc
"50070701 Piese/accesorii vehicule, Compresoare AC auto Итог",
500708 Electroventilator clima AC auto,
"50070801 Piese/accesorii vehicule, Electroventilator clima AC auto",115486 - Electroventilator clima AC auto _ - buc
"50070801 Piese/accesorii vehicule, Electroventilator clima AC auto Итог",
500709 Vaporizatoare auto,
"50070901 Piese/accesorii vehicule, Vaporizatoare auto",115487 - Vaporizator auto _ - buc
"50070901 Piese/accesorii vehicule, Vaporizatoare auto Итог",
500710 Webasto,
"50071001 Piese/accesorii vehicule, Webasto",115488 - Webasto _ - buc
"50071001 Piese/accesorii vehicule, Webasto Итог",
500799 Alte piese clima auto,
"50079901 Piese/accesorii vehicule, Bobina compresor AC auto",115489 - Bobina compresor AC auto _ - buc
"50079901 Piese/accesorii vehicule, Bobina compresor AC auto Итог",
"50079902 Piese/accesorii vehicule, Furtun AC auto",115490 - Furtun AC auto _ - buc
"50079902 Piese/accesorii vehicule, Furtun AC auto Итог",
"50079903 Piese/accesorii vehicule, Conducta AC auto",115491 - Conducta AC auto _ - buc
"50079903 Piese/accesorii vehicule, Conducta AC auto Итог",
5008 Pompe si injectoare,
"500801 Carburatoare, injectoare",
"50080101 Piese/accesorii vehicule, Carburator",115492 - Carburator _ - buc
"50080101 Piese/accesorii vehicule, Carburator Итог",
"50080102 Piese/accesorii vehicule, Injector",115493 - Injector _ - buc
"50080102 Piese/accesorii vehicule, Injector Итог",
"50080103 Piese/accesorii vehicule, Rampa injectoare",115494 - Rampa injectoare _ - buc
"50080103 Piese/accesorii vehicule, Rampa injectoare Итог",
"50080104 Piese/accesorii vehicule, Regulator presiune la injectoare",115495 - Regulator presiune la injectoare _ - buc
,121851 - Rondela injectorului - buc
"50080104 Piese/accesorii vehicule, Regulator presiune la injectoare Итог",
500802 Incalzitor/racitor motorina,
"50080201 Piese/accesorii vehicule, Incalzitor motorina",115496 - Incalzitor motorina _ - buc
"50080201 Piese/accesorii vehicule, Incalzitor motorina Итог",
"50080202 Piese/accesorii vehicule, Racitor motorina",115497 - Racitor motorina _ - buc
"50080202 Piese/accesorii vehicule, Racitor motorina Итог",
500803 Pompa amorsare,
"50080301 Piese/accesorii vehicule, Pompa amorsare",115498 - Pompa amorsare _ - buc
"50080301 Piese/accesorii vehicule, Pompa amorsare Итог",
500804 Pompe combustibil,
"50080401 Piese/accesorii vehicule, Pompa benzina",115499 - Pompa benzina _ - buc
"50080401 Piese/accesorii vehicule, Pompa benzina Итог",
"50080402 Piese/accesorii vehicule, Pompa injectie",115500 - Pompa injectie _ - buc
"50080402 Piese/accesorii vehicule, Pompa injectie Итог",
"50080403 Piese/accesorii vehicule, Pompa motorina din rezervor",115501 - Pompa motorina din rezervor _ - buc
,120595 - Pompa motorina - buc
"50080403 Piese/accesorii vehicule, Pompa motorina din rezervor Итог",
"50080404 Piese/accesorii vehicule, Pompa rezervor",115502 - Pompa rezervor _ - buc
"50080404 Piese/accesorii vehicule, Pompa rezervor Итог",
"50080405 Piese/accesorii vehicule, Pompa combustibil presiune inalta",120687 - Mecanism THBD MAZ 5337 - buc
,121347 - Pompa combustibil presiune inalta KaMaz - buc
"50080405 Piese/accesorii vehicule, Pompa combustibil presiune inalta Итог",
500805 Rezervoare auto,
"50080501 Piese/accesorii vehicule, Rezervoare auto",115503 - Rezervor auto _ - buc
,121701 - Rezervor cilindru  auto UAZ - buc
"50080501 Piese/accesorii vehicule, Rezervoare auto Итог",
500806 Supape retur,
"50080601 Piese/accesorii vehicule, Supape retur",115504 - Supapa retur combustibil _ - buc
,121306 - Supapa electrica retur combustibil KaMaz - buc
"50080601 Piese/accesorii vehicule, Supape retur Итог",
500899 Alte piese alimentare,
"50089901 Piese/accesorii vehicule, Alte piese alimentare",115505 - Conducte de alimentare combustibil _ - buc
,119688 - Set reparatie Injector KaMaz - set
,120092 - Set reparatie carburator ZIL-130 - buc
,120263 - Garnitura pompa combustibil KAMAZ - buc
,120264 - Saiba de cupru DN22x28x156mm KaMaz - buc
,120434 - Surub sistema combustibil Balkancar - buc
,120435 - Surub 1/4 sistema combustibil Balkancar - buc
,120660 - Furtun combustibil D 8mm GAZ 53 - m
,120661 - Furtun combustibil D 12mm GAZ 53 - m
,121334 - Conducte de alimentare combustibil KaMaz - buc
,121348 - Saiba de cupru DN14x20x1.5mm KaMaz - buc
,121350 - Piulita tavei de cupru M18/D12mm KaMaz - buc
,121351 - Mufa tavei de cupru D-12mm KaMaz - buc
,121356 - Tub cupru  D-12 KaMaz - m
,121594 - Furtun combustibil D 18mm  GAZ 53 - m
,121595 - Furtun combustibil D 10mm GAZ 53 - m
,121684 - Robinet combustibil MTZ 82 - buc
"50089901 Piese/accesorii vehicule, Alte piese alimentare Итог",
5009 Piese de filtrare si filtre auto,
500901 Canistre absorbante vapori,
"50090101 Piese/accesorii vehicule, Canistre absorbante vapori",115506 - Canistra carbon absorbant vapori _ - buc
"50090101 Piese/accesorii vehicule, Canistre absorbante vapori Итог",
500902 Filtre aer,
"50090201 Piese/accesorii vehicule, Carcasa filtru aer",115507 - Carcasa filtru aer _ - buc
"50090201 Piese/accesorii vehicule, Carcasa filtru aer Итог",
"50090202 Piese/accesorii vehicule, Filtru aer",115508 - Filtru aer _ - buc
,119800 - Filtru aer JCB 3CX - set
,119806 - Filtru aer Dacia Logan - buc
,119849 - Filtru aer JCB 8030ZTS - set
,119893 - Filtru aer Dacia Lodgy - buc
,119897 - Filtru aer MAZ 5340 - buc
,119920 - Filtru aer Iveco Daily 70C21D - buc
,119929 - Filtru aer Iveco Daily 35S15V - buc
,120772 - Filtru aer Dacia Dokker - buc
,120773 - Filtru aer Iveco Daily 35S17V - buc
,120774 - Filtru aer Dacia Duster - buc
,120775 - Filtru aer Borax 2203 - buc
,120776 - Filtru aer CASE 440 - buc
,120777 - Filtru aer Fiat Ducato - buc
,120778 - Filtru aer Forcklift DB - buc
,120779 - Filtru aer FOTON FT-454 - buc
,120780 - Filtru aer HTZ T-150(K) - buc
,120781 - Filtru aer IUMZ AO-2621 - buc
,120782 - Filtru aer Mercedes 410 - buc
,120783 - Filtru aer MTZ 82 - buc
,120784 - Filtru aer Renault Laguna - buc
,120785 - Filtru aer Skoda Fabia - buc
,120786 - Filtru aer Skoda Octavia - buc
,120787 - Filtru aer GAZ NEXT С42R33 - buc
,120788 - Filtru aer GAZ NEXT С42R92-80 - buc
,120789 - Filtru aer GAZ NEXT A60R42 - buc
,120790 - Filtru aer GAZ-SAZ 3507 - buc
,120791 - Filtru aer UAZ 33039 - buc
,120792 - Filtru aer UAZ 3909 - buc
,120793 - Filtru aer VAZ 21070 - buc
,120794 - Filtru aer VGTZ DT-75 DZ-42 - buc
,120795 - Filtru aer Vladimiret T-25 - buc
,120796 - Filtru aer Volkswagen Sharan - buc
,120797 - Filtru aer MAZ 357152 - buc
,120798 - Filtru aer MAZ 5337 - buc
,120799 - Filtru aer KaMaz 53213 - buc
,120800 - Filtru aer KaMaz 53215 - buc
,120801 - Filtru aer KaMaz 5410 - buc
,120802 - Filtru aer KaMaz 5511 - buc
,120803 - Filtru aer KaMaz 65115 - buc
,120804 - Filtru aer GAZ 2705 - buc
,120805 - Filtru aer GAZ 3307 - buc
,120806 - Filtru aer GAZ 4301 - buc
,120807 - Filtru aer GAZ 52 - buc
,120808 - Filtru aer GAZ 53 - buc
,120809 - Filtru aer GAZ 5312 - buc
,120810 - Filtru aer GAZ 5327 - buc
,120811 - Filtru aer GAZ 66 - buc
,120812 - Filtru aer ZIL 4329 - buc
,120813 - Filtru aer ZIL 5301 - buc
,120814 - Filtru aer ZIL - buc
,120896 - Filtru aer Volvo L20F - buc
,120900 - Filtru separator de aer KaMaz 53215 - buc
,120901 - Filtru separator de aer MAZ 5340 - buc
,120902 - Filtru separator de aer KaMaz 65115 - buc
,120924 - Garnitura de etanșare a filtrului de aer KaMaz - buc
,120957 - Filtru aer Balkancar - buc
,121100 - Filtru aer exterior Guascor SFGLD 560 - buc
,121101 - Filtru aer interior Guascor SFGLD 560 - buc
,121187 - Filtru aer habitaclu - buc
"50090202 Piese/accesorii vehicule, Filtru aer Итог",
500903 Filtre ulei,
"50090301 Piese/accesorii vehicule, Filtre ulei",115509 - Filtru ulei _ - buc
,119901 - Filtru ulei Dacia Logan - buc
,120600 - Set reparatie filtru ulei KaMaz - buc
,119823 - Filtru ulei JCB 3CX - buc
,119850 - Filtru ulei JCB 8030ZTS - buc
,119930 - Filtru ulei Iveco Daily 70C21D - buc
,120694 - Filtru ulei Renault Laguna - buc
,120723 - Filtru ulei Dacia Dokker - buc
,120724 - Filtru ulei Dacia Duster - buc
,120725 - Filtru ulei Iveco Daily 35S15V - buc
,120726 - Filtru ulei Iveco Daily 35S17V - buc
,120728 - Filtru ulei Dacia Lodgy - buc
,120729 - Filtru ulei Fiat Ducato - buc
,120730 - Filtru ulei GAZ NEXT A60R42 - buc
,120731 - Filtru ulei GAZ NEXT C42R33 - buc
,120732 - Filtru ulei GAZ NEXT С42R92-80 - buc
,120733 - Filtru ulei Volvo L20F - buc
,120734 - Filtru ulei Mercedes 410 - buc
,120735 - Filtru ulei Skoda Octavia - buc
,120736 - Filtru ulei Skoda Fabia - buc
,120737 - Filtru ulei Volkswagen Sharan - buc
,120738 - Filtru ulei Borax 2203 - buc
,120739 - Filtru ulei CASE 440 - buc
,120740 - Filtru ulei Forcklift DB - buc
,120741 - Filtru ulei FOTON FT-454 - buc
,120742 - Filtru ulei HTZ T-150(K) - buc
,120743 - Filtru ulei IUMZ AO-2621 - buc
,120744 - Filtru ulei MTZ 82 - buc
,120745 - Filtru ulei VGTZ DT-75 DZ-42 - buc
,120746 - Filtru ulei Vladimiret T-25 - buc
,120747 - Filtru ulei VAZ 21070 - buc
,120748 - Filtru ulei UAZ 33039 - buc
,120749 - Filtru ulei UAZ 3909 - buc
,120750 - Filtru ulei GAZ-SAZ 3507 - buc
,120751 - Filtru ulei MAZ 357152 - buc
,120752 - Filtru ulei MAZ 5337 - buc
,120753 - Filtru ulei GAZ 53 - buc
,120754 - Filtru ulei GAZ 52 - buc
,120755 - Filtru ulei GAZ 2705 - buc
,120756 - Filtru ulei GAZ 3307 - buc
,120757 - Filtru ulei GAZ 4301 - buc
,120758 - Filtru ulei GAZ 66 - buc
,120759 - Filtru ulei KaMaz 53213 - buc
,120760 - Filtru ulei KaMaz 53215 - buc
,120762 - Filtru ulei KaMaz 5410 - buc
,120763 - Filtru ulei KaMaz 5511 - buc
,120764 - Filtru ulei KaMaz 65115 - buc
,120766 - Filtru ulei MAZ 5340 - buc
,120769 - Filtru ulei ZIL 4329 - buc
,120770 - Filtru ulei ZIL 5301 - buc
,120771 - Set de reparatie centrifuga ZIL - set
,120961 - Filtru ulei Balkancar - buc
"50090301 Piese/accesorii vehicule, Filtre ulei Итог",
500904 Filtre motorina/benzina,
"50090401 Piese/accesorii vehicule, Carcasa filtru motorina",115510 - Carcasa filtru motorina _ - buc
"50090401 Piese/accesorii vehicule, Carcasa filtru motorina Итог",
"50090402 Piese/accesorii vehicule, Filtru benzina",115511 - Filtru benzina _ - buc
,119896 - Filtru benzina - buc
,120841 - Filtru benzina Dacia Logan - buc
,120842 - Filtru benzina GAZ 2705 - buc
,120843 - Filtru benzina GAZ 3307 - buc
,120846 - Filtru benzina GAZ 52 - buc
,120847 - Filtru benzina GAZ 53 - buc
,120848 - Filtru benzina GAZ 5312 - buc
,120849 - Filtru benzina GAZ 5327 - buc
,120850 - Filtru benzina GAZ 66 - buc
,120851 - Filtru benzina GAZ-SAZ 3507 - buc
,120852 - Filtru benzina Renault Laguna - buc
,120853 - Filtru benzina Skoda Fabia - buc
,120854 - Filtru benzina Skoda Octavia - buc
,120855 - Filtru benzina UAZ 33039 - buc
,120856 - Filtru benzina UAZ 3909 - buc
,120857 - Filtru benzina VAZ 21070 - buc
,120858 - Filtru benzina Volkswagen Sharan - buc
,120859 - Filtru benzina ZIL - buc
"50090402 Piese/accesorii vehicule, Filtru benzina Итог",
"50090403 Piese/accesorii vehicule, Filtru motorina",115512 - Filtru motorina _ - buc
,119818 - Filtru motorina primar JCB 3CX - buc
,119819 - Filtru motorina secundar JCB 3CX - buc
,119934 - Filtru motorina IVECO DAILY 70C21D - buc
,120860 - Filtru motorina Borax 2203 - buc
,120862 - Filtru motorina CASE 440 - buc
,120863 - Filtru motorina Dacia Dokker - buc
,120864 - Filtru motorina Dacia Duster - buc
,120865 - Filtru motorina Dacia Lodgy - buc
,120866 - Filtru motorina Dacia Logan - buc
,120867 - Filtru motorina Fiat Ducato - buc
,120869 - Filtru motorina Forcklift DB - buc
,120871 - Filtru motorina FOTON FT-454 - buc
,120872 - Filtru motorina GAZ 4301 - buc
,120873 - Filtru motorina GAZ NEXT C42R33 - buc
,120874 - Filtru motorina GAZ NEXT С42R92-80 - buc
,120875 - Filtru motorina GAZ NEXT A60R42 - buc
,120876 - Filtru motorina HTZ T-150(K) - buc
,120877 - Filtru motorina IUMZ AO-2621 - buc
,120878 - Filtru motorina IVECO DAILY 35S15V - buc
,120879 - Filtru motorina IVECO DAILY 35S17V - buc
,120880 - Filtru motorina KaMaz 53213 - buc
,120881 - Filtru motorina KaMaz 53215 - buc
,120882 - Filtru motorina KaMaz 5410 - buc
,120883 - Filtru motorina KaMaz 5511 - buc
,120884 - Filtru motorina KaMaz 65115 - buc
,120885 - Filtru motorina MAZ 357152 - buc
,120886 - Filtru motorina MAZ 5337 - buc
,120887 - Filtru motorina MAZ 5340 - buc
,120888 - Filtru motorina Mercedes 410 - buc
,120889 - Filtru motorina MTZ 82 - buc
,120890 - Filtru motorina VGTZ DT-75 DZ-42 - buc
,120891 - Filtru motorina Vladimiret T-25 - buc
,120892 - Filtru motorina secundar Volvo L20F - buc
,120893 - Filtru motorina ZIL 4329 - buc
,120894 - Filtru motorina ZIL 5301 - buc
,120895 - Filtru motorina JCB 8030ZTS - buc
,120923 - Filtru motorina retur JCB 3CX - buc
,120925 - Filtru motorina primar Volvo L20F - buc
,120960 - Filtru motorina Balkancar - buc
,121856 - Bulon combustibil - buc
,121858 - Piulite bulon filtru combustibil - kg
"50090403 Piese/accesorii vehicule, Filtru motorina Итог",
500906 Filtre polen/epurator,
"50090601 Piese/accesorii vehicule, Filtru epurator",115514 - Filtru epurator _ - buc
"50090601 Piese/accesorii vehicule, Filtru epurator Итог",
"50090602 Piese/accesorii vehicule, Filtru polen",115515 - Filtru polen _ - buc
,120824 - Filtru polen Dacia Dokker - buc
,120825 - Filtru polen Dacia Duster - buc
,120826 - Filtru polen Dacia Lodgy - buc
,120827 - Filtru polen Dacia Logan - buc
,120828 - Filtru polen Fiat Ducato - buc
,120829 - Filtru polen GAZ 2705 - buc
,120830 - Filtru polen GAZ NEXT C42R33 - buc
,120831 - Filtru polen GAZ NEXT С42R92-80 - buc
,120832 - Filtru polen GAZ NEXT A60R42 - buc
,120833 - Filtru polen IVECO DAILY 35S15V - buc
,120834 - Filtru polen IVECO DAILY 70C21D - buc
,120835 - Filtru polen IVECO DAILY 35S17V - buc
,120836 - Filtru polen Mercedes 410 - buc
,120837 - Filtru polen Renault Laguna - buc
,120838 - Filtru polen Skoda Fabia - buc
,120839 - Filtru polen Skoda Octavia - buc
,120840 - Filtru polen Volkswagen Sharan - buc
,120903 - Filtru polen JCB 3CX - buc
,120904 - Filtru de recirculare aer conditionat JCB 3CX - buc
"50090602 Piese/accesorii vehicule, Filtru polen Итог",
500999 Alte piese de filtrare auto,
"50099901 Piese/accesorii vehicule, Set de admisie",115516 - Set de admisie _ - set
"50099901 Piese/accesorii vehicule, Set de admisie Итог",
"50099902 Piese/accesorii vehicule, Tubulatura de admisie",115517 - Tubulatura de admisie _ - buc
,120436 - Tub de admisie combustibil Balkancar - buc
,120640 - Tub frana poliamid 12mm - m
"50099902 Piese/accesorii vehicule, Tubulatura de admisie Итог",
"50099903 Piese/accesorii vehicule, Filtru magnetic",120922 - Filtru magnetic JCB 3CX - buc
"50099903 Piese/accesorii vehicule, Filtru magnetic Итог",
500905 Filtre transmisie/hidraulice,
"50090501 Piese/accesorii vehicule, Filtru transmisie",115513 - Filtru transmisie _ - buc
,120897 - Filtru de transmisie JCB 3CX - buc
,120898 - Filtru de transmisie JCB 8030ZTS - buc
,120899 - Filtru de transmisie HTZ T-150(K) - buc
"50090501 Piese/accesorii vehicule, Filtru transmisie Итог",
"50090502 Piese/accesorii vehicule, Filtru hidraulic",120906 - Filtru hidraulic Borax 2203 - buc
,120907 - Filtru hidraulic CASE 440 - buc
,120908 - Filtru hidraulic Forcklift DB - buc
,120909 - Filtru hidraulic FOTON FT-454 - buc
,120910 - Filtru hidraulic HTZ T-150(K) - buc
,120911 - Filtru hidraulic IUMZ AO-2621 - buc
,120912 - Filtru hidraulic JCB 8030ZTS - buc
,120913 - Filtru hidraulic KaMaz 53213 - buc
,120914 - Filtru hidraulic MAZ 357152 - buc
,120915 - Filtru hidraulic MAZ 5337 - buc
,120916 - Filtru hidraulic MTZ 82 - buc
,120917 - Filtru hidraulic VGTZ DT-75 DZ-42 - buc
,120918 - Filtru hidraulic Vladimiret T-25 - buc
,120919 - Set filtre hidraulice JCB 3CX - set
,120921 - Filtru hidraulic Volvo L20F - buc
,120959 - Filtru hidraulic Balkancar - buc
"50090502 Piese/accesorii vehicule, Filtru hidraulic Итог",
5010 Sitem de franare,
501001 Tamburi frana,
"50100101 Piese/accesorii vehicule, Tamburi frana",115518 - Tambur frana _ - buc
,120074 - Bulon tambur frana Kamaz - buc
,120075 - Piulita tambur frana Kamaz - buc
"50100101 Piese/accesorii vehicule, Tamburi frana Итог",
501002 Saboti frana,
"50100201 Piese/accesorii vehicule, Saboti frana",115519 - Sabot frana _ - buc
,120635 - Set sabot frana fata GAZ 53 - set
"50100201 Piese/accesorii vehicule, Saboti frana Итог",
501003 Discuri frana,
"50100301 Piese/accesorii vehicule, Disc frana",115520 - Disc frana _ - buc
"50100301 Piese/accesorii vehicule, Disc frana Итог",
"50100302 Piese/accesorii vehicule, Banda frana",115521 - Banda frana _ - buc
"50100302 Piese/accesorii vehicule, Banda frana Итог",
501004 Placute frana,
"50100401 Piese/accesorii vehicule, Placute frana fata",115522 - Placute frana fata _ - buc
,119907 - Placute frana fata Dacia Logan - buc
,119960 - Placute frana fata Iveco Daily 70C - buc
,121757 - Placute frana fata Dacia Logan - set
"50100401 Piese/accesorii vehicule, Placute frana fata Итог",
"50100402 Piese/accesorii vehicule, Placute frana spate",115523 - Placute frana spate _ - buc
,119964 - Placute frina Spate Iveco Daily 70C - buc
"50100402 Piese/accesorii vehicule, Placute frana spate Итог",
501005 Etriere frana,
"50100501 Piese/accesorii vehicule, Etriere frana",115524 - Etrier frana _ - buc
"50100501 Piese/accesorii vehicule, Etriere frana Итог",
501006 Suporturi pt etrier,
"50100601 Piese/accesorii vehicule, Suporturi pt etrier",115525 - Suport etrier _ - buc
"50100601 Piese/accesorii vehicule, Suporturi pt etrier Итог",
501007 Motorase la etrier,
"50100701 Piese/accesorii vehicule, Motorase la etrier",115526 - Motoras etrier _ - buc
"50100701 Piese/accesorii vehicule, Motorase la etrier Итог",
501008 Pistoane etier frana,
"50100801 Piese/accesorii vehicule, Pistoane etier frana",115527 - Pistonas etier frana _ - buc
"50100801 Piese/accesorii vehicule, Pistoane etier frana Итог",
501009 Pompe la sisteme de franare,
"50100901 Piese/accesorii vehicule, Pompa ABS",115528 - Pompa ABS _ - buc
"50100901 Piese/accesorii vehicule, Pompa ABS Итог",
"50100902 Piese/accesorii vehicule, Pompa servofrana",115529 - Pompa servofrana _ - buc
"50100902 Piese/accesorii vehicule, Pompa servofrana Итог",
501010 Cilindrii a sisteme de franare,
"50101001 Piese/accesorii vehicule, Cilindrii a sisteme de franare",115530 - Cilindru frana _ - buc
"50101001 Piese/accesorii vehicule, Cilindrii a sisteme de franare Итог",
501011 Conducte la sisteme de franare,
"50101101 Piese/accesorii vehicule, Conducta la frana",115531 - Conducta la frana _ - buc
"50101101 Piese/accesorii vehicule, Conducta la frana Итог",
"50101102 Piese/accesorii vehicule, Furtun la frana",115532 - Furtun la frana _ - buc
,120650 - Furtun la frana D-10mm GAZ 53 - m
,120651 - Furtun la frana D-22mm GAZ 53 - m
,120652 - Furtun la frana D-12mm GAZ 53 - m
,120053 - Tub frana POLIAMID D8mm - m
,120698 - Furtun frana poliamid 8mm - m
,121261 - Furtun la frana D-16mm  GAZ 53 - m
,121528 - Furtun la frana fata GAZ 53 - buc
,121531 - Furtun la frana KaMaz - buc
,121753 - Furtun la frana D8 GAZ 53 - m
"50101102 Piese/accesorii vehicule, Furtun la frana Итог",
501012 Senzori la sistemele de franare,
"50101201 Piese/accesorii vehicule, Senzor ABS",115533 - Senzor ABS _ - buc
"50101201 Piese/accesorii vehicule, Senzor ABS Итог",
"50101202 Piese/accesorii vehicule, Inel senzor ABS",115534 - Inel senzor ABS _ - buc
"50101202 Piese/accesorii vehicule, Inel senzor ABS Итог",
"50101203 Piese/accesorii vehicule, Senzor uzura placute",115535 - Senzor uzura placute _ - buc
"50101203 Piese/accesorii vehicule, Senzor uzura placute Итог",
501013 Vase lichid frana,
"50101301 Piese/accesorii vehicule, Vase lichid frana",115536 - Vas lichid frana _ - buc
"50101301 Piese/accesorii vehicule, Vase lichid frana Итог",
501014 Compresoare de aer frana pneumatica,
"50101401 Piese/accesorii vehicule, Compresor de aer frana pneumatica",115537 - Compresor de aer frana pneumatica _ - buc
,121362 - Compresor de aer frana pneumatica cu un cilindru KaMaz - buc
"50101401 Piese/accesorii vehicule, Compresor de aer frana pneumatica Итог",
"50101402 Piese/accesorii vehicule, Accesorii pt compresoare la sistemul de franare",115538 - Accesorii pt compresoare la sistemul de franare _ - buc
,120644 - Diafragma camera de frana TUP-20 GAZ 53 - buc
,"121843 - Aparator praf piston, accesorii pt compresoare la sistemul de franare KaMaz - buc"
,"121845 - Pirghie PGU cu piulita, accesorii pt compresoare la sistemul de franare KaMaz - buc"
,"121846 - Piulita PGU piston, accesorii pt compresoare la sistemul de franare KaMaz - buc"
,"121847 - Manseta PGU 13.4x28mm, accesorii pt compresoare la sistemul de franare KaMaz - buc"
,"121848 - Set reparatie PGU, accesorii pt compresoare la sistemul de franare KaMaz - set"
,"121854 - Garnitura compresor, accesorii pt compresoare la sistemul de franare KaMaz - buc"
"50101402 Piese/accesorii vehicule, Accesorii pt compresoare la sistemul de franare Итог",
501099 Alte elemente frana,
"50109901 Piese/accesorii vehicule, Alte elemente frana",115539 - Regulator putere de franare _ - buc
,120046 - Kit reparatie fixator suport frana Mercedes - buc
,120059 - Kit reparatie cilindru suport frana Mercedes - buc
,120062 - Camera de frana T-150 - buc
,120171 - Camera de frana spate Kamaz - buc
,120429 - Robinet frana cu 2 sectii ZIL 130 - buc
,"120438 - Supapa de protectie triplu KaMaz 65115 (frana, ambreiaj) - buc"
,120610 - Energo acumulator Minitractor T-20 - buc
,"120642 - Set tub frana poliamid 12x9x15mm (piulita,mufa,niplu) - buc"
,120653 - Bratara 16x27mm GAZ 53 - buc
,120655 - Garnitura frana spate GAZ 53 - buc
,120819 - Conector F12 KaMaz - buc
,121196 - Arc de frana KaMaz - buc
,121197 - Ax sabot frana KaMaz - buc
,121248 - Arc de frana KaMaz 53213 - buc
,121249 - Ax sabot frana KaMaz 53213 - buc
,121260 - Garnitura frana mana GAZ 53 - buc
,121740 - Senzor MM125 frana KaMaz - buc
,121749 - Teava frana GAZ 53 - buc
,121752 - Prelungitor metal d30 GAZ 53 - buc
"50109901 Piese/accesorii vehicule, Alte elemente frana Итог",
5011 Punte si rulmenti,
501101 Rulmenti,
"50110101 Piese/accesorii vehicule, Butuc la roata",115540 - Butuc la roata _ - buc
,121529 - Bulon roata dreapta GAZ 53 - buc
"50110101 Piese/accesorii vehicule, Butuc la roata Итог",
"50110102 Piese/accesorii vehicule, Rulment la roata",115541 - Rulment la roata _ - buc
"50110102 Piese/accesorii vehicule, Rulment la roata Итог",
"50110103 Piese/accesorii vehicule, Alte tipuri de rulmenti",115542 - Rulment _ - buc
,115543 - Rulment 102211 - buc
,115544 - Rulment 102304 - buc
,115545 - Rulment 102409 - buc
,115546 - Rulment 110 - buc
,115547 - Rulment 111 - buc
,115548 - Rulment 11205K - buc
,115549 - Rulment 115 - buc
,115550 - Rulment 12307 - buc
,115551 - Rulment 124 - buc
,115552 - Rulment 127509 - buc
,115553 - Rulment 13514 - buc
,115554 - Rulment 1573983 - buc
,115555 - Rulment 160703 - buc
,115556 - Rulment 1608 - buc
,115557 - Rulment 170314 - buc
,115558 - Rulment 180104 - buc
,115559 - Rulment 180108 - buc
,115560 - Rulment 180109 - buc
,115561 - Rulment 180201 - buc
,115562 - Rulment 180204AC17 - buc
,115563 - Rulment 180205 - buc
,115564 - Rulment 180213 - buc
,115565 - Rulment 180305 - buc
,115566 - Rulment 180308 - buc
,115567 - Rulment 180311 - buc
,115568 - Rulment 180312 - buc
,115569 - Rulment 180501 - buc
,115570 - Rulment 180502 - buc
,115571 - Rulment 180603 - buc
,115572 - Rulment 180606 - buc
,115573 - Rulment 180612 - buc
,115575 - Rulment 20-102605M - buc
,115576 - Rulment 203A - buc
,115577 - Rulment 204 - buc
,115578 - Rulment 205 - buc
,115579 - Rulment 206 - buc
,115580 - Rulment 20703A2 - buc
,115581 - Rulment 208 - buc
,115582 - Rulment 20803 - buc
,115583 - Rulment 20803AK2 - buc
,115584 - Rulment 2086053 - buc
,115585 - Rulment 209 - buc
,115586 - Rulment 210 - buc
,115587 - Rulment 211 - buc
,115588 - Rulment 212 - buc
,115589 - Rulment 213 - buc
,115590 - Rulment 214 - buc
,115591 - Rulment 215-1307 - buc
,115592 - Rulment 215-214 - buc
,115593 - Rulment 216 - buc
,115594 - Rulment 2160562 - buc
,115595 - Rulment 217 - buc
,115596 - Rulment 218 - buc
,115597 - Rulment 2206 - buc
,115598 - Rulment 2224 - buc
,115599 - Rulment 2228 - buc
,115600 - Rulment 22312W33 - buc
,115601 - Rulment 228L - buc
,115602 - Rulment 2305 - buc
,115603 - Rulment 2310 KM - buc
,115604 - Rulment 2310KM - buc
,115605 - Rulment 2311 - buc
,115606 - Rulment 2312 - buc
,115607 - Rulment 2316 - buc
,115608 - Rulment 24612 - buc
,115609 - Rulment 2612 - buc
,115610 - Rulment 2614 - buc
,115611 - Rulment 264706 - buc
,115612 - Rulment 27308 - buc
,115613 - Rulment 27709 - buc
,115614 - Rulment 27911 - buc
,115615 - Rulment 30 - buc
,115616 - Rulment 3021 - buc
,115617 - Rulment 30212 - buc
,115618 - Rulment 30214 - buc
,115619 - Rulment 30311 - buc
,115620 - Rulment 30318 - buc
,115621 - Rulment 304A - buc
,115622 - Rulment 305 - buc
,115623 - Rulment 306 - buc
,115624 - Rulment 307 - buc
,115625 - Rulment 308 - buc
,115626 - Rulment 308L - buc
,115627 - Rulment 309 - buc
,115628 - Rulment 310 - buc
,115629 - Rulment 311 - buc
,115630 - Rulment 312 - buc
,115631 - Rulment 313 - buc
,115632 - Rulment 31307 - buc
,115633 - Rulment 31312 - buc
,115634 - Rulment 314 - buc
,115635 - Rulment 315 - buc
,115636 - Rulment 319 - buc
,115637 - Rulment 32024X - buc
,115638 - Rulment 3206 - buc
,115639 - Rulment 32207 - buc
,115640 - Rulment 32209 - buc
,115641 - Rulment 32210 - buc
,115642 - Rulment 32214 - buc
,115643 - Rulment 32215 - buc
,115644 - Rulment 32216 - buc
,115645 - Rulment 32217 - buc
,115646 - Rulment 32224 - buc
,115647 - Rulment 32306 - buc
,115648 - Rulment 32308 - buc
,115649 - Rulment 32309 - buc
,115650 - Rulment 3231 - buc
,115651 - Rulment 32310 - buc
,115652 - Rulment 32311 - buc
,115653 - Rulment 32313 - buc
,115654 - Rulment 32315 - buc
,115655 - Rulment 32318 - buc
,115656 - Rulment 324117 - buc
,115657 - Rulment 32417 - buc
,115658 - Rulment 326704 - buc
,115659 - Rulment 405 - buc
,115660 - Rulment 406 - buc
,115661 - Rulment 407 - buc
,115662 - Rulment 409 - buc
,115663 - Rulment 412 - buc
,115664 - Rulment 42212 - buc
,115665 - Rulment 42215 - buc
,115666 - Rulment 42308 - buc
,115667 - Rulment 42312 - buc
,115668 - Rulment 46118 - buc
,115669 - Rulment 50206 - buc
,115670 - Rulment 50209 - buc
,115671 - Rulment 503 - buc
,115672 - Rulment 50306 - buc
,115673 - Rulment 50307 - buc
,115674 - Rulment 50307-588911 - buc
,115675 - Rulment 50308 - buc
,115676 - Rulment 50308A - buc
,115677 - Rulment 50407 - buc
,115678 - Rulment 50408 - buc
,115679 - Rulment 51208 - buc
,115680 - Rulment 51210 - buc
,115681 - Rulment 51307 - buc
,115682 - Rulment 5226300105 - buc
,115683 - Rulment 53518 - buc
,115684 - Rulment 53610 - buc
,115685 - Rulment 53620 - buc
,115686 - Rulment 537907 - buc
,115687 - Rulment 580205 - buc
,115688 - Rulment 580207 - buc
,115689 - Rulment 588911 - buc
,115690 - Rulment 592708 - buc
,115691 - Rulment 6007 - buc
,115692 - Rulment 6014 - buc
,115693 - Rulment 6015 - buc
,115694 - Rulment 6016 - buc
,115695 - Rulment 60205 - buc
,115696 - Rulment 6020Z - buc
,115697 - Rulment 6024 - buc
,115698 - Rulment 60722 - buc
,115699 - Rulment 6-12115EM - buc
,115700 - Rulment 6-12213 - buc
,115701 - Rulment 6201-2RS - buc
,115702 - Rulment 6203 - buc
,115703 - Rulment 6203-2 - buc
,115704 - Rulment 6204 - buc
,115705 - Rulment 6205 - buc
,115706 - Rulment 6205-2RS - buc
,115707 - Rulment 6206 - buc
,115708 - Rulment 6206 ZZ - buc
,115709 - Rulment 6206-2RS - buc
,115710 - Rulment 6207 - buc
,115711 - Rulment 6208 - buc
,115712 - Rulment 6208N - buc
,115713 - Rulment 6209 - buc
,115714 - Rulment 6210Z - buc
,115715 - Rulment 6211 - buc
,115716 - Rulment 6212 - buc
,115717 - Rulment 6213 - buc
,115718 - Rulment 6217 - buc
,115719 - Rulment 62202 - buc
,115720 - Rulment 62202-2RS - buc
,115721 - Rulment 62204 - buc
,115722 - Rulment 62208 - buc
,115723 - Rulment 62303-2RS - buc
,115724 - Rulment 62310-2RS - buc
,115725 - Rulment 6302 - buc
,115726 - Rulment 6305 - buc
,115727 - Rulment 6306 - buc
,115728 - Rulment 6306-2RS - buc
,115729 - Rulment 6306N - buc
,115730 - Rulment 6307 - buc
,115731 - Rulment 6307N - buc
,115732 - Rulment 6308 - buc
,115733 - Rulment 6308 N - buc
,115734 - Rulment 6309 - buc
,115735 - Rulment 6310 - buc
,115736 - Rulment 6311 - buc
,115737 - Rulment 6311Z - buc
,115738 - Rulment 6312Z - buc
,115739 - Rulment 6313 - buc
,115740 - Rulment 6317 - buc
,115741 - Rulment 6320 - buc
,115742 - Rulment 636906 - buc
,115743 - Rulment 6408 - buc
,115744 - Rulment 6411 - buc
,115745 - Rulment 64706 - buc
,115746 - Rulment 65203 - buc
,115747 - Rulment 65303 - buc
,115748 - Rulment 664916 - buc
,115749 - Rulment 67512 - buc
,115750 - Rulment 688811 - buc
,115751 - Rulment 688911 - buc
,115752 - Rulment 6904 2RS - buc
,115753 - Rulment 704902 - buc
,115754 - Rulment 709702 - buc
,115755 - Rulment 7210 - buc
,115756 - Rulment 7212 - buc
,115757 - Rulment 7214 - buc
,115758 - Rulment 7216 - buc
,115759 - Rulment 7224 - buc
,115760 - Rulment 7305A - buc
,115761 - Rulment 7307 - buc
,115762 - Rulment 7308 - buc
,115763 - Rulment 7308 AL - buc
,115764 - Rulment 7311 - buc
,115765 - Rulment 73110 - buc
,115766 - Rulment 7312 - buc
,115767 - Rulment 7313 - buc
,115768 - Rulment 7507 - buc
,115769 - Rulment 7509 - buc
,115770 - Rulment 7511 - buc
,115771 - Rulment 7513K - buc
,115772 - Rulment 7514 - buc
,115773 - Rulment 7515 - buc
,115774 - Rulment 7516 - buc
,115775 - Rulment 7517 - buc
,115776 - Rulment 7518 - buc
,115777 - Rulment 7520 - buc
,115778 - Rulment 7536 - buc
,115779 - Rulment 7605 - buc
,115780 - Rulment 7606 - buc
,115781 - Rulment 7607 - buc
,115782 - Rulment 7608 - buc
,115783 - Rulment 7609 - buc
,115784 - Rulment 7610 - buc
,115785 - Rulment 7611 - buc
,115786 - Rulment 7611 AU - buc
,115787 - Rulment 7613 - buc
,115788 - Rulment 7614 - buc
,115789 - Rulment 7615 - buc
,115790 - Rulment 7616 - buc
,115791 - Rulment 76-180309 - buc
,115792 - Rulment 76206 - buc
,115793 - Rulment 76-32317M - buc
,115794 - Rulment 7718-292215 - buc
,115795 - Rulment 7804 - buc
,115796 - Rulment 7805 - buc
,115797 - Rulment 7815 - buc
,115798 - Rulment 7909 - buc
,115799 - Rulment 80208 - buc
,115800 - Rulment 80210 - buc
,115801 - Rulment 807813 - buc
,115802 - Rulment 8115 - buc
,115803 - Rulment 8208 - buc
,115804 - Rulment 8210 - buc
,115805 - Rulment 848210900 - buc
,115806 - Rulment 852903 - buc
,115807 - Rulment 922205-205 - buc
,115808 - Rulment 92714 - buc
,115809 - Rulment 942 - buc
,115810 - Rulment 94908 - buc
,115811 - Rulment 94-97 - buc
,115812 - Rulment 954712 - buc
,115813 - Rulment 9588217 - buc
,115814 - Rulment 98206 - buc
,115815 - Rulment 986714 - buc
,115816 - Rulment 986714AES17 - buc
,115817 - Rulment AL-2017 - buc
,115818 - Rulment K81 - buc
,115819 - Rulment LM104948 - buc
,115820 - Rulment N310 - buc
,115821 - Rulment N312 - buc
,115822 - Rulment N316 - buc
,115823 - Rulment NF 210 - buc
,115824 - Rulment NF 308LM - buc
,115825 - Rulment NJ 207 - buc
,115826 - Rulment NJ212 - buc
,115827 - Rulment NJ314 - buc
,115828 - Rulment NK455220 - buc
,115829 - Rulment NNU 3020 - buc
,115830 - Rulment NU216 - buc
,115831 - Rulment NU315 - buc
,115832 - Rulment RS-1002 - buc
,115833 - Rulment RS-7837 - buc
,115574 - Rulment (6)202 - buc
,119773 - Rulment 1213 - buc
,119835 - Rulment de reglare  JCB 3CX - buc
,119851 - Rulment de reglare JCB 8030ZTS - buc
,119856 - Rulment de suspendare - buc
,119868 - Rulment (6)322 - buc
,119875 - Rulment 2361 - buc
,120394 - Rulment 180103 (6003 2RS) - buc
,121008 - Rulment 943/40 - buc
,121176 - Rulment amortizor - buc
,121497 - Rulment 3214 - buc
,121499 - Rulment 46418 - buc
"50110103 Piese/accesorii vehicule, Alte tipuri de rulmenti Итог",
501102 Punte,
"50110201 Piese/accesorii vehicule, Punte",115834 - Puntea _ - buc
"50110201 Piese/accesorii vehicule, Punte Итог",
501103 Flansa roata,
"50110301 Piese/accesorii vehicule, Flansa roata",115835 - Flansa roata _ - buc
"50110301 Piese/accesorii vehicule, Flansa roata Итог",
501104 Punti de transmisie fata,
"50110401 Piese/accesorii vehicule, Punte fata in ansamblu",115836 - Punte fata in ansamblu _ - buc
"50110401 Piese/accesorii vehicule, Punte fata in ansamblu Итог",
"50110402 Piese/accesorii vehicule, Transmisie principala punte fata", -  - 
"50110402 Piese/accesorii vehicule, Transmisie principala punte fata Итог",
"50110403 Piese/accesorii vehicule, Reductor stanga transmisie punte fata",115838 - Reductor stanga transmisie punte fata _ - buc
"50110403 Piese/accesorii vehicule, Reductor stanga transmisie punte fata Итог",
"50110404 Piese/accesorii vehicule, Reductor dreapta transmisie punte fata",115839 - Reductor dreapta transmisie punte fata _ - buc
"50110404 Piese/accesorii vehicule, Reductor dreapta transmisie punte fata Итог",
"50110405 Piese/accesorii vehicule, Capac al reductorului de bord PFC",115840 - Capac al reductorului de bord PFC _ - buc
"50110405 Piese/accesorii vehicule, Capac al reductorului de bord PFC Итог",
501105 Punti de transmisie spate,
"50110501 Piese/accesorii vehicule, Punte spate in ansamblu",115841 - Punte spate in ansamblu _ - buc
"50110501 Piese/accesorii vehicule, Punte spate in ansamblu Итог",
"50110502 Piese/accesorii vehicule, Reductor transmisie punte spate",115842 - Reductor transmisie punte spate _ - buc
,121855 - Garnitura reductor intermediar KaMaz - buc
"50110502 Piese/accesorii vehicule, Reductor transmisie punte spate Итог",
501199 Alte piese de rulare,
"50119901 Piese/accesorii vehicule, Alte piese de rulare","115843 - Pozitii neclasificate, Alte piese de rulare - buc"
,120939 - Set garnituri pentru rola șenilelor JCB 8030ZTS - set
,120941 - Set garnituri pentru rola de ghidare JCB 8030ZTS - set
"50119901 Piese/accesorii vehicule, Alte piese de rulare Итог",
"5012 Sistem de transmisie, ambreiaj si volanta",
501201 Planetare si accesorii,
"50120101 Piese/accesorii vehicule, Planetara",115844 - Planetara _ - buc
"50120101 Piese/accesorii vehicule, Planetara Итог",
"50120102 Piese/accesorii vehicule, Cap planetara",115845 - Cap planetara _ - buc
"50120102 Piese/accesorii vehicule, Cap planetara Итог",
"50120103 Piese/accesorii vehicule, Burduf planetara",115846 - Burduf planetara _ - buc
"50120103 Piese/accesorii vehicule, Burduf planetara Итог",
501202 Diferentiale,
"50120201 Piese/accesorii vehicule, Diferentiale",115847 - Diferential _ - buc
"50120201 Piese/accesorii vehicule, Diferentiale Итог",
501203 Cardan si accesorii,
"50120301 Piese/accesorii vehicule, Cardan",115848 - Cardan _ - buc
,120636 - Arborele transmisiei de putere carcasei ambreiajului MTZ 82 - buc
,120637 - Arbore de actionare HTZ T-150(K) - buc
,121167 - Arbore cardanic KaMaz 5511 - buc
,121250 - Ax cardan KaMaz 53213 - buc
,121853 - Furca falnsa axului cardan KaMaz - buc
"50120301 Piese/accesorii vehicule, Cardan Итог",
"50120302 Piese/accesorii vehicule, Flansa cardan",115849 - Flansa cardan _ - buc
,121744 - Flansa arbore secundar GAZ 53 - buc
"50120302 Piese/accesorii vehicule, Flansa cardan Итог",
"50120303 Piese/accesorii vehicule, Cruce cardan",115850 - Cruce cardan _ - buc
"50120303 Piese/accesorii vehicule, Cruce cardan Итог",
"50120304 Piese/accesorii vehicule, Rulment cardan",115851 - Rulment cardan _ - buc
,120069 - Suport arbore cardanic GAZ 53 - buc
"50120304 Piese/accesorii vehicule, Rulment cardan Итог",
"501204 Volanta, disc ambreiaj si altele",
"50120401 Piese/accesorii vehicule, Pompa ambreiaj",115852 - Pompa ambreiaj _ - buc
"50120401 Piese/accesorii vehicule, Pompa ambreiaj Итог",
"50120402 Piese/accesorii vehicule, Cilindru ambreiaj",115853 - Cilindru ambreiaj _ - buc
,121731 - Piston de reglare cilindru ambreiaj KaMaz - buc
,121732 - Fus cilindru ambreiaj KaMaz - buc
"50120402 Piese/accesorii vehicule, Cilindru ambreiaj Итог",
"50120403 Piese/accesorii vehicule, Amplificator ambreiaj",115854 - Amplificator ambreiaj _ - buc
,120061 - Amplificator ambreiaj SERVOMECANISM T-150 - buc
,120439 - Amplificator ambreiaj KaMaz - buc
"50120403 Piese/accesorii vehicule, Amplificator ambreiaj Итог",
"50120404 Piese/accesorii vehicule, Set ambreiaj",115855 - Set ambreiaj _ - set
,119943 - Ambreiaj ansamblu Iveco Daily 70C - buc
"50120404 Piese/accesorii vehicule, Set ambreiaj Итог",
"50120405 Piese/accesorii vehicule, Volanta",115856 - Volanta _ - buc
"50120405 Piese/accesorii vehicule, Volanta Итог",
"50120406 Piese/accesorii vehicule, Disc ambreiaj",115857 - Disc ambreiaj _ - buc
,121166 - Disc de stringere a ambreiajului in ansamblu HTZ T-150(K) - buc
"50120406 Piese/accesorii vehicule, Disc ambreiaj Итог",
"50120407 Piese/accesorii vehicule, Cos ambreiaj",115858 - Cos ambreiaj _ - buc
"50120407 Piese/accesorii vehicule, Cos ambreiaj Итог",
"50120408 Piese/accesorii vehicule, Furca ambreiaj",115859 - Furca ambreiaj _ - buc
"50120408 Piese/accesorii vehicule, Furca ambreiaj Итог",
"50120409 Piese/accesorii vehicule, Placa presiune",115860 - Placa presiune _ - buc
,120665 - Plastina cos ambreiaj MAZ 5337 - buc
"50120409 Piese/accesorii vehicule, Placa presiune Итог",
"50120410 Piese/accesorii vehicule, Rulment presiune",115861 - Rulment presiune _ - buc
"50120410 Piese/accesorii vehicule, Rulment presiune Итог",
"50120411 Piese/accesorii vehicule, Priza directie ambreiaj",115862 - Priza directie ambreiaj _ - buc
"50120411 Piese/accesorii vehicule, Priza directie ambreiaj Итог",
"50120412 Piese/accesorii vehicule, Mufa ambreiaj",115863 - Mufa ambreiaj _ - buc
,"120317 - Furtun ungere a mufei de decuplare ambreiaj MAZ, KAMAZ - buc"
"50120412 Piese/accesorii vehicule, Mufa ambreiaj Итог",
"50120413 Piese/accesorii vehicule, Arc ambreiaj",115864 - Arc ambreiaj _ - buc
,121257 - Arc mufei de conectare ambreiaj KaMaz 53213 - buc
"50120413 Piese/accesorii vehicule, Arc ambreiaj Итог",
501205 Cutie de transfer/ viteze,
"50120501 Piese/accesorii vehicule, Cutie de transfer",115865 - Cutie de transfer _ - buc
"50120501 Piese/accesorii vehicule, Cutie de transfer Итог",
"50120502 Piese/accesorii vehicule, Cutie de viteze",115866 - Cutie de viteze _ - buc
,120645 - Inel blocare cutie viteza GAZ 53 - buc
,120646 - Simering 42x62x10mm GAZ 53 - buc
,120664 - Carcasul de etansare la cutia de viteze ZIL 130 - buc
,120676 - Husa de atansare la cutie de viteze ZIL 130 - buc
,120677 - Sincronizator treapta 4-5 la cutie de viteze ZIL 130 - buc
,121320 - Maneta culisei Cutie de viteze KaMaz - buc
,121325 - Cornier m22x18 cutie de viteze KaMaz - buc
,121327 - Teu 18x22x18-1.5 cutie de viteze KaMaz - buc
,121503 - Set cabluri schimbator viteze Dacia Logan - set
,121746 - Perna cutie de viteze GAZ 53 - buc
"50120502 Piese/accesorii vehicule, Cutie de viteze Итог",
"50120503 Piese/accesorii vehicule, Cutie viteze automata",115867 - Cutie viteze automata _ - buc
"50120503 Piese/accesorii vehicule, Cutie viteze automata Итог",
"50120504 Piese/accesorii vehicule, Arbore primar cutia viteze",115868 - Arbore primar cutia viteze _ - buc
"50120504 Piese/accesorii vehicule, Arbore primar cutia viteze Итог",
"50120505 Piese/accesorii vehicule, Arbore secundar cutia viteze",115869 - Arbore secundar cutia viteze _ - buc
"50120505 Piese/accesorii vehicule, Arbore secundar cutia viteze Итог",
"50120506 Piese/accesorii vehicule, Timonerie",115870 - Timonerie _ - buc
"50120506 Piese/accesorii vehicule, Timonerie Итог",
"50120507 Piese/accesorii vehicule, Pinion cutia de viteze",115871 - Pinion cutia de viteze _ - buc
"50120507 Piese/accesorii vehicule, Pinion cutia de viteze Итог",
"50120508 Piese/accesorii vehicule, Furca cutia de viteze",115872 - Furca cutia de viteze _ - buc
"50120508 Piese/accesorii vehicule, Furca cutia de viteze Итог",
"50120509 Piese/accesorii vehicule, Suport cutie viteze",115873 - Suport cutie viteze _ - buc
"50120509 Piese/accesorii vehicule, Suport cutie viteze Итог",
"50120510 Piese/accesorii vehicule, Convertizor cutie de viteze",115874 - Convertizor cutie de viteze _ - buc
"50120510 Piese/accesorii vehicule, Convertizor cutie de viteze Итог",
501299 Alte piese transmisie,
"50129901 Piese/accesorii vehicule, Elemente marunte volanta",115875 - Elemente marunte volanta _ - buc
"50129901 Piese/accesorii vehicule, Elemente marunte volanta Итог",
"50129902 Piese/accesorii vehicule, Elemente marunte ambreiaj",115876 - Elemente marunte ambreiaj _ - buc
,"121705 - Set simering, cutia viteza KaMaz - set"
"50129902 Piese/accesorii vehicule, Elemente marunte ambreiaj Итог",
"50129903 Piese/accesorii vehicule, Elemente marunte cutia de viteze",115877 - Elemente marunte cutia de viteze _ - buc
,120440 - Maneta glisiere KaMaz - buc
,120442 - Burduf maneta glisiere KaMaz - buc
,120443 - Set reparatie glisiere KaMaz - buc
,120638 - Mufa de legatura a reductorului c/v MTZ 82 - buc
,120654 - Rulment ambreiaj GAZ 53 - buc
,121457 - Set de reparatie reductor KaMaz - set
"50129903 Piese/accesorii vehicule, Elemente marunte cutia de viteze Итог",
"50129904 Piese/accesorii vehicule, Ghidaj rulment presiune",115878 - Ghidaj rulment presiune _ - buc
"50129904 Piese/accesorii vehicule, Ghidaj rulment presiune Итог",
"50129905 Piese/accesorii vehicule, Elemente marunte cardan",115837 - Transmisie principala punte fata _ - buc
,"120036 - Bulon cardanic KAMAZ M10x1,25-35mm - buc"
,"120039 - Bulon cardanic KAMAZ M12x1,25-40mm - buc"
,"120040 - Piulita cardanica M12x1,25 - buc"
,"120042 - Piulita cardanica autoblocanta KAMAZ M12x1,25 - buc"
,120043 - Saiba M10 - buc
,120044 - Grover KAMAZ M10 - buc
,120045 - Set reparatie deget bara directie KAMAZ - buc
,120047 - Resiver ZAMAZ - buc
,120048 - Supapa control la resiver - buc
,120049 - Robine KAMAZ resiver - buc
,120050 - Saiba de cupru 22x28x15 - buc
,120294 - Elemente marunte cardan GAZ 53 - set
,120622 - Set reparatie tija  GAZ 53 - set
,121168 - Bulon al arborelui cardanic KaMaz (M14x1.5) - buc
,121169 - Piulita arborelui cardanic KaMaz (M14x1.5) - buc
,121170 - Grover arborelui cardanic KaMaz M14 - buc
,121198 - Ax cardanic KaMaz - buc
,121464 - Fixator ax cardanic KaMaz - buc
,121728 - Piulita KaMaz M16x1.5 cardan - buc
"50129905 Piese/accesorii vehicule, Elemente marunte cardan Итог",
5013 Directie,
501301 Caseta directie,
"50130101 Piese/accesorii vehicule, Caseta directie",115879 - Caseta directie _ - buc
"50130101 Piese/accesorii vehicule, Caseta directie Итог",
"50130102 Piese/accesorii vehicule, Burduf caseta directie",115880 - Burduf caseta directie _ - buc
"50130102 Piese/accesorii vehicule, Burduf caseta directie Итог",
501302 Bieleta directie,
"50130201 Piese/accesorii vehicule, Bieleta directie",115881 - Bieleta directie _ - buc
"50130201 Piese/accesorii vehicule, Bieleta directie Итог",
501303 Cap de bara,
"50130301 Piese/accesorii vehicule, Cap de bara",115882 - Cap de bara _ - buc
"50130301 Piese/accesorii vehicule, Cap de bara Итог",
501304 Bieleta antiruliu,
"50130401 Piese/accesorii vehicule, Bieleta antiruliu",115883 - Bieleta antiruliu _ - buc
"50130401 Piese/accesorii vehicule, Bieleta antiruliu Итог",
501305 Brate si bascule,
"50130501 Piese/accesorii vehicule, Brat suspensie roata",115884 - Brat suspensie roata _ - buc
"50130501 Piese/accesorii vehicule, Brat suspensie roata Итог",
"50130502 Piese/accesorii vehicule, Bascula suspensie roata",115885 - Bascula suspensie roata _ - buc
"50130502 Piese/accesorii vehicule, Bascula suspensie roata Итог",
"501306 Bucse pt bascule, punte si altele",
"50130601 Piese/accesorii vehicule, Bucsa la bara stabilizatoare",115886 - Bucsa la bara stabilizatoare _ - buc
,121702 - Bucsa la bara stabilizatoare KaMaz - buc
,121703 - Bucsa la bara perna stabilizatoare KaMaz - buc
"50130601 Piese/accesorii vehicule, Bucsa la bara stabilizatoare Итог",
"50130602 Piese/accesorii vehicule, Bucsa la bascala de suspensie",120076 - Fixator bascula Kamaz - buc
,115887 - Bucsa - buc
,121451 - Bucsa resortei cabina KaMaz - buc
"50130602 Piese/accesorii vehicule, Bucsa la bascala de suspensie Итог",
"50130603 Piese/accesorii vehicule, Bucsa la punte",115888 - Bucsa la punte _ - buc
"50130603 Piese/accesorii vehicule, Bucsa la punte Итог",
501307 Pivot directie,
"50130701 Piese/accesorii vehicule, Pivot directie",115889 - Pivot directie ZIL - set
"50130701 Piese/accesorii vehicule, Pivot directie Итог",
501308 Coloana directie,
"50130801 Piese/accesorii vehicule, Coloana directie",115890 - Coloana directie _ - buc
"50130801 Piese/accesorii vehicule, Coloana directie Итог",
501309 Fuzeta la roata,
"50130901 Piese/accesorii vehicule, Fuzeta fata",115891 - Fuzeta fata _ - buc
"50130901 Piese/accesorii vehicule, Fuzeta fata Итог",
"50130902 Piese/accesorii vehicule, Fuzeta spate",115892 - Fuzeta spate _ - buc
"50130902 Piese/accesorii vehicule, Fuzeta spate Итог",
"501310 Pompa, vas si conducte servodirectie",
"50131001 Piese/accesorii vehicule, Pompa servodirectie",115893 - Pompa servodirectie _ - buc
,120608 - Pompa hidroamplificator KaMaz - buc
"50131001 Piese/accesorii vehicule, Pompa servodirectie Итог",
"50131002 Piese/accesorii vehicule, Vas lichid servodirectie",115894 - Vas lichid servodirectie _ - buc
"50131002 Piese/accesorii vehicule, Vas lichid servodirectie Итог",
"50131003 Piese/accesorii vehicule, Conducta servodirectie",115895 - Conducta servodirectie _ - buc
"50131003 Piese/accesorii vehicule, Conducta servodirectie Итог",
501399 Alte piese directie,
"50139901 Piese/accesorii vehicule, Alte piese directie","115896 - Pozitii neclasificate, Alte piese directie - buc"
,120444 - Conector conducta servodirectie KaMaz - buc
,120445 - Piulita servodirectie KaMaz - buc
,120446 - Burduf servodirectie KaMaz - buc
,120572 - Piulita 8x4x1mm - set
,120609 - Boltul barei de directie KaMaz - buc
,121204 - Piulita reglaj cala - buc
,121207 - Pin - buc
,121329 - Conector D 8mm KaMaz - buc
,121373 - Bara de directie KaMaz - buc
,121504 - Corp bieleta Dacia Logan - buc
,121844 - Suport bara reactiva Kamaz - buc
,121850 - Piulita GBT - buc
"50139901 Piese/accesorii vehicule, Alte piese directie Итог",
5014 Suspensie,
501401 Amortizoare si piese la ele,
"50140101 Piese/accesorii vehicule, Amortizoare fata",115897 - Amortizoare fata _ - buc
,119912 - Amortizor fată Dacia Logan - buc
,119949 - Amortizor fata Iveco Daily 70C - buc
"50140101 Piese/accesorii vehicule, Amortizoare fata Итог",
"50140102 Piese/accesorii vehicule, Amortizoare spate",115898 - Amortizoare spate _ - buc
,119913 - Amortizor Spate Dacia Logan - buc
,119955 - Amortizoare spate Iveco Daily 70C - buc
,121743 - Brid lamele spate GAZ 53 - buc
"50140102 Piese/accesorii vehicule, Amortizoare spate Итог",
"50140103 Piese/accesorii vehicule, Flansa la amortizoare",115899 - Flansa la amortizoare _ - buc
"50140103 Piese/accesorii vehicule, Flansa la amortizoare Итог",
"50140104 Piese/accesorii vehicule, Burduf protectie amortizoare",115900 - Burduf protectie amortizoare _ - buc
"50140104 Piese/accesorii vehicule, Burduf protectie amortizoare Итог",
501402 Arcuri auto si piese la ele,
"50140201 Piese/accesorii vehicule, Arc la amortizoare",115901 - Arc la amortizoare _ - buc
,121737 - Arc la amortizoare resor KaMaz - buc
"50140201 Piese/accesorii vehicule, Arc la amortizoare Итог",
"50140202 Piese/accesorii vehicule, Saibe la arcuri",115902 - Saibe la arcuri _ - buc
,121738 - Saibe la arcuri M20 KaMaz - buc
"50140202 Piese/accesorii vehicule, Saibe la arcuri Итог",
"50140203 Piese/accesorii vehicule, Bucse la arcuri din fata",115903 - Bucsa la arcuri din fata _ - buc
"50140203 Piese/accesorii vehicule, Bucse la arcuri din fata Итог",
"50140204 Piese/accesorii vehicule, Bucse la arcuri din spate",115904 - Bucsa la arcuri din spate _ - buc
"50140204 Piese/accesorii vehicule, Bucse la arcuri din spate Итог",
501403 Bare rigidizare,
"50140301 Piese/accesorii vehicule, Bare rigidizare",115905 - Bara rigidizare _ - buc
"50140301 Piese/accesorii vehicule, Bare rigidizare Итог",
501404 Bare stabilizatoare,
"50140401 Piese/accesorii vehicule, Bare stabilizatoare",115906 - Bara stabilizatoare _ - buc
"50140401 Piese/accesorii vehicule, Bare stabilizatoare Итог",
501405 Foi de arcuri si piese la ele,
"50140501 Piese/accesorii vehicule, Foi de arc",115907 - Foi de arc _ - buc
"50140501 Piese/accesorii vehicule, Foi de arc Итог",
"50140502 Piese/accesorii vehicule, Bucsa la foi de arcuri din fata",115908 - Bucsa la foi de arcuri din fata _ - buc
"50140502 Piese/accesorii vehicule, Bucsa la foi de arcuri din fata Итог",
"50140503 Piese/accesorii vehicule, Bucsa la foi de arcuri din spate",115909 - Bucsa la foi de arcuri din spate _ - buc
"50140503 Piese/accesorii vehicule, Bucsa la foi de arcuri din spate Итог",
501406 Perne aer,
"50140601 Piese/accesorii vehicule, Perne aer",115910 - Perna aer _ - buc
"50140601 Piese/accesorii vehicule, Perne aer Итог",
501407 Compresor perne aer,
"50140701 Piese/accesorii vehicule, Compresor perne aer",115911 - Compresor perne aer _ - buc
"50140701 Piese/accesorii vehicule, Compresor perne aer Итог",
501499 Alte piese suspensie,
"50149901 Piese/accesorii vehicule, Alte piese suspensie","115912 - Pozitii neclasificate, Alte piese suspensie - buc"
,120295 - Simering a butucului rotii spate Gaz-53 - buc
,120296 - Simering cutia de viteza Gaz-53 - buc
,120299 - Set rulmenti pivot KaMaz - set
,120300 - Bulon pivotului KaMaz - buc
,120301 - Rulment pivotului KaMaz - buc
,120302 - Bucsa pivotului din plastic KaMaz - buc
,120303 - Pivot KaMaz - buc
,120304 - Garnitura pivot - buc
,120305 - Semering pivotului mic KaMaz - buc
,120306 - Set reparatie supapa principala frana KaMaz - set
,120592 - Semering 58*84*16 - buc
,120593 - Garnitura butuc spate Gaz-53 - buc
,120603 - Set nituri de aluminiu 8x20mm - set
,120604 - Bratara metalica 8x12mm - buc
,120605 - Simering butuc fata ZIL 112x136x12mm - buc
,120620 - Bratara plastic 4x370mm - buc
,120634 - Bratara metalica 10x16mm - buc
,120657 - Bratara metalica 50x70mm - buc
,120658 - Bratara metalica 25x40mm - buc
,120678 - Brida resortei din spate ZIL - buc
,121190 - Pivot brat suspensie - buc
,121470 - Lagar suspendat GAZ 53 - buc
,121472 - Stut unire S19 KaMaz - buc
,121473 - Saiba zinc alb garnitura 16x22mm KaMaz - buc
,121475 - Set reparatie ЦС-50x25 poliuretan KaMaz - buc
,121512 - Set reparatie mosorel MTZ 82 - buc
,121513 - Carcas butuc roata MTZ 82 - buc
,121515 - Capac butuc roata MTZ 82 - buc
,121704 - Garnitura KaMaz - buc
,121706 - Set reparatie roata spate Kamaz - set
,121707 - Saiba KaMaz - buc
,121751 - Bratara metal 32x50 - buc
,121833 - Buloane KaMaz - kg
,121857 - Stut coltar unire M-8 - buc
"50149901 Piese/accesorii vehicule, Alte piese suspensie Итог",
501408 Articulatii sferice,
"50140801 Piese/accesorii vehicule, Articulatii sferice",120015 - Articulatie sferica Dacia Logan - buc
"50140801 Piese/accesorii vehicule, Articulatii sferice Итог",
5015 Piese pt motoare,
"501501 Pompe de apa, ulei si vacuum",
"50150101 Piese/accesorii vehicule, Pompa apa",115913 - Pompa apa _ - buc
,119855 - Pompa apa cu roti dintate - buc
,120615 - Pompa apa KaMaz - buc
"50150101 Piese/accesorii vehicule, Pompa apa Итог",
"50150102 Piese/accesorii vehicule, Pompa tandem",115914 - Pompa tandem _ - buc
"50150102 Piese/accesorii vehicule, Pompa tandem Итог",
"50150103 Piese/accesorii vehicule, Pompa ulei",115915 - Pompa ulei _ - buc
"50150103 Piese/accesorii vehicule, Pompa ulei Итог",
"50150104 Piese/accesorii vehicule, Sorb pompa ulei",115916 - Sorb pompa ulei _ - buc
"50150104 Piese/accesorii vehicule, Sorb pompa ulei Итог",
"50150105 Piese/accesorii vehicule, Pompa vacuum",115917 - Pompa vacuum _ - buc
"50150105 Piese/accesorii vehicule, Pompa vacuum Итог",
501502 Racitor gaze,
"50150201 Piese/accesorii vehicule, Racitor gaze",115918 - Racitor gaze _ - buc
"50150201 Piese/accesorii vehicule, Racitor gaze Итог",
501503 Motoras pas cu pas,
"50150301 Piese/accesorii vehicule, Motoras pas cu pas",115919 - Motoras pas cu pas _ - buc
"50150301 Piese/accesorii vehicule, Motoras pas cu pas Итог",
501504 Clapeta acceleratie,
"50150401 Piese/accesorii vehicule, Clapeta acceleratie",115920 - Clapeta acceleratie _ - buc
"50150401 Piese/accesorii vehicule, Clapeta acceleratie Итог",
501505 Chiulasa,
"50150501 Piese/accesorii vehicule, Chiulasa",115921 - Chiulasa _ - buc
,120597 - Chiulasa compresorului KaMaz (cu un cilindru) - buc
,121076 - Chiulasa Guascor SFGLD 560 - buc
"50150501 Piese/accesorii vehicule, Chiulasa Итог",
"50150502 Piese/accesorii vehicule, Cilindru motor",115922 - Cilindru motor _ - buc
"50150502 Piese/accesorii vehicule, Cilindru motor Итог",
501506 Pistoane,
"50150601 Piese/accesorii vehicule, Pistoane",115923 - Piston motor _ - buc
,121094 - Piston motor Guascor SFGLD 560 - buc
,121730 - Cilindru inele piston motor MAZ 5337 - set
"50150601 Piese/accesorii vehicule, Pistoane Итог",
501507 Accesorii pistoane,
"50150701 Piese/accesorii vehicule, Set piston",115924 - Set piston _ - set
"50150701 Piese/accesorii vehicule, Set piston Итог",
"50150702 Piese/accesorii vehicule, Segmenti piston",115925 - Segmenti piston _ - buc
"50150702 Piese/accesorii vehicule, Segmenti piston Итог",
"50150703 Piese/accesorii vehicule, Bolt piston",115926 - Bolt piston _ - buc
"50150703 Piese/accesorii vehicule, Bolt piston Итог",
"50150704 Piese/accesorii vehicule, Siguranta piston",115927 - Siguranta piston _ - buc
"50150704 Piese/accesorii vehicule, Siguranta piston Итог",
"50150705 Piese/accesorii vehicule, Piulita piston K-3",120688 - Piulita piston K-3 MAZ 5337 - buc
"50150705 Piese/accesorii vehicule, Piulita piston K-3 Итог",
501508 Cuzineti,
"50150801 Piese/accesorii vehicule, Cuzineti biela",115928 - Cuzineti biela _ - buc
"50150801 Piese/accesorii vehicule, Cuzineti biela Итог",
"50150802 Piese/accesorii vehicule, Cuzineti palier",115929 - Cuzineti palier _ - buc
"50150802 Piese/accesorii vehicule, Cuzineti palier Итог",
501509 Tacheti,
"50150901 Piese/accesorii vehicule, Tacheti",115930 - Tacheti _ - buc
"50150901 Piese/accesorii vehicule, Tacheti Итог",
"50150902 Piese/accesorii vehicule, Tije tacheti",115931 - Tija tacheti _ - buc
"50150902 Piese/accesorii vehicule, Tije tacheti Итог",
501510 Arbore cotit (vibrochen),
"50151001 Piese/accesorii vehicule, Arbore cotit (vibrochen)",115932 - Arbore cotit (vibrochen) _ - buc
"50151001 Piese/accesorii vehicule, Arbore cotit (vibrochen) Итог",
"50151002 Piese/accesorii vehicule, Arbore de destributie",115933 - Arbore de destributie _ - buc
,120630 - Bulon arbore cotit GAZ 53 - buc
,120631 - Bulon arbore cotit 14x48mm GAZ 53 - buc
,120632 - Bulon arbore cotit 16x42mm GAZ 53 - buc
"50151002 Piese/accesorii vehicule, Arbore de destributie Итог",
501511 Axe came,
"50151101 Piese/accesorii vehicule, Axe came",115934 - Axe came _ - buc
"50151101 Piese/accesorii vehicule, Axe came Итог",
501512 Biela,
"50151201 Piese/accesorii vehicule, Biela",115935 - Biela _ - buc
"50151201 Piese/accesorii vehicule, Biela Итог",
501514 EGR,
"50151401 Piese/accesorii vehicule, EGR",115938 - EGR _ - buc
"50151401 Piese/accesorii vehicule, EGR Итог",
501515 Electrovalva,
"50151501 Piese/accesorii vehicule, Electrovalva",115939 - Electrovalva _ - buc
,121270 - Electrovalva AT-M-04 GAZ 53 - buc
"50151501 Piese/accesorii vehicule, Electrovalva Итог",
501516 Bloc motor,
"50151601 Piese/accesorii vehicule, Bloc motor",115940 - Bloc motor _ - buc
,121271 - Perna motor spate GAZ 53 - buc
"50151601 Piese/accesorii vehicule, Bloc motor Итог",
501517 Baie ulei,
"50151701 Piese/accesorii vehicule, Baie ulei",115941 - Baie ulei _ - buc
"50151701 Piese/accesorii vehicule, Baie ulei Итог",
501518 Oil catch tank,
"50151801 Piese/accesorii vehicule, Oil catch tank",115942 - Oil catch tank _ - buc
"50151801 Piese/accesorii vehicule, Oil catch tank Итог",
501519 Carcasa filtru ulei,
"50151901 Piese/accesorii vehicule, Carcasa filtru ulei",115943 - Carcasa filtru ulei _ - buc
"50151901 Piese/accesorii vehicule, Carcasa filtru ulei Итог",
501520 Capac chiulasa,
"50152001 Piese/accesorii vehicule, Capac chiulasa",115944 - Capac chiulasa _ - buc
"50152001 Piese/accesorii vehicule, Capac chiulasa Итог",
501521 Capac distributie,
"50152101 Piese/accesorii vehicule, Capac distributie",115945 - Capac distributie _ - buc
,121251 - Capac distributie KaMaz 53213 - buc
"50152101 Piese/accesorii vehicule, Capac distributie Итог",
501522 Capac motor,
"50152201 Piese/accesorii vehicule, Capac motor",115946 - Capac motor _ - buc
"50152201 Piese/accesorii vehicule, Capac motor Итог",
501523 Suport alternator,
"50152301 Piese/accesorii vehicule, Suport alternator",115947 - Suport alternator _ - buc
"50152301 Piese/accesorii vehicule, Suport alternator Итог",
501524 Suport compresor AC,
"50152401 Piese/accesorii vehicule, Suport compresor AC",115948 - Suport compresor AC _ - buc
"50152401 Piese/accesorii vehicule, Suport compresor AC Итог",
501525 Suport electromotor,
"50152501 Piese/accesorii vehicule, Suport electromotor",115949 - Suport electromotor _ - buc
"50152501 Piese/accesorii vehicule, Suport electromotor Итог",
501526 Suport filtru ulei,
"50152601 Piese/accesorii vehicule, Suport filtru ulei",115950 - Suport filtru ulei _ - buc
"50152601 Piese/accesorii vehicule, Suport filtru ulei Итог",
501527 Suport role,
"50152701 Piese/accesorii vehicule, Suport role",115951 - Suport role _ - buc
"50152701 Piese/accesorii vehicule, Suport role Итог",
501528 Suporti motor,
"50152801 Piese/accesorii vehicule, Suporti motor",115952 - Suport motor _ - buc
,121748 - Perna motor fata GAZ 53 - buc
"50152801 Piese/accesorii vehicule, Suporti motor Итог",
501529 Garnituri,
"50152901 Piese/accesorii vehicule, Set garnituri motor",115953 - Set garnituri motor _ - set
,121708 - Set garnituri motor KaMaz - set
"50152901 Piese/accesorii vehicule, Set garnituri motor Итог",
"50152902 Piese/accesorii vehicule, Garnitura chiuloasa",115954 - Garnitura chiuloasa _ - buc
"50152902 Piese/accesorii vehicule, Garnitura chiuloasa Итог",
"50152903 Piese/accesorii vehicule, Garnitura cilindru",115955 - Garnitura cilindru _ - buc
"50152903 Piese/accesorii vehicule, Garnitura cilindru Итог",
"50152904 Piese/accesorii vehicule, Garnitura capac distributie",115956 - Garnitura capac distributie _ - buc
,121252 - Garnitura capac distributie KaMaz 53213 - buc
"50152904 Piese/accesorii vehicule, Garnitura capac distributie Итог",
"50152905 Piese/accesorii vehicule, Garnitura tobei de esapament",115957 - Garnitura tobei de esapament _ - buc
,120064 - Garnitura gofrei KAMAZ EURO - buc
,121272 - Garnitura tobei de esapament GAZ 53 - buc
"50152905 Piese/accesorii vehicule, Garnitura tobei de esapament Итог",
"50152906 Piese/accesorii vehicule, Inel(e) de etansare galerie evacuare",115958 - Inel(e) de etansare galerie evacuare _ - buc
"50152906 Piese/accesorii vehicule, Inel(e) de etansare galerie evacuare Итог",
"50152907 Piese/accesorii vehicule, Set garnituri circuit de racire",115959 - Set garnituri circuit de racire KaMaz - set
"50152907 Piese/accesorii vehicule, Set garnituri circuit de racire Итог",
"50152908 Piese/accesorii vehicule, Garnitura baie de ulei",115960 - Garnitura baie de ulei _ - buc
"50152908 Piese/accesorii vehicule, Garnitura baie de ulei Итог",
"50152909 Piese/accesorii vehicule, Garnitura termostat",115961 - Garnitura termostat _ - buc
"50152909 Piese/accesorii vehicule, Garnitura termostat Итог",
"50152910 Piese/accesorii vehicule, Garnitura capac supape",115962 - Garnitura capac supape _ - buc
"50152910 Piese/accesorii vehicule, Garnitura capac supape Итог",
"50152911 Piese/accesorii vehicule, Garnitura carter",115963 - Garnitura carter _ - buc
,121745 - Presgarnitura mers GAZ 53 - buc
"50152911 Piese/accesorii vehicule, Garnitura carter Итог",
"50152912 Piese/accesorii vehicule, Garnitura galerie de admisie",115964 - Garnitura galerie de admisie _ - buc
,120433 - Garnitura galerie de admisie combustibil Balkancar - buc
"50152912 Piese/accesorii vehicule, Garnitura galerie de admisie Итог",
"50152913 Piese/accesorii vehicule, Garnitura galerie de evacuare",115965 - Garnitura galerie de evacuare _ - buc
"50152913 Piese/accesorii vehicule, Garnitura galerie de evacuare Итог",
"50152914 Piese/accesorii vehicule, Garnitura ambreiaj",115966 - Garnitura ambreiaj _ - buc
"50152914 Piese/accesorii vehicule, Garnitura ambreiaj Итог",
"50152915 Piese/accesorii vehicule, Garnitura carburator",115967 - Garnitura carburator _ - buc
"50152915 Piese/accesorii vehicule, Garnitura carburator Итог",
"50152916 Piese/accesorii vehicule, Inel de etansare auto",115968 - Inel de etansare auto KaMaz - buc
"50152916 Piese/accesorii vehicule, Inel de etansare auto Итог",
"50152917 Piese/accesorii vehicule, Inel de siguranta",115969 - Inel de siguranta - buc
,121583 - Inel de siguranta d20x32mm - buc
,121584 - Inel de siguranta d18x24mm - buc
"50152917 Piese/accesorii vehicule, Inel de siguranta Итог",
501530 Simeringuri,
"50153001 Piese/accesorii vehicule, Simering ax cardanic",115970 - Simering ax cardanic _ - buc
"50153001 Piese/accesorii vehicule, Simering ax cardanic Итог",
"50153002 Piese/accesorii vehicule, Simering arbore",115971 - Simering arbore _ - buc
,121254 - Inel simering arbore KaMaz 53213 - buc
,121685 - Simering 25x42 KaMaz - buc
"50153002 Piese/accesorii vehicule, Simering arbore Итог",
"50153003 Piese/accesorii vehicule, Simering supapa",115972 - Simering supapa _ - buc
"50153003 Piese/accesorii vehicule, Simering supapa Итог",
"50153004 Piese/accesorii vehicule, Simering diferentiala",115973 - Simering diferentiala _ - buc
"50153004 Piese/accesorii vehicule, Simering diferentiala Итог",
"50153005 Piese/accesorii vehicule, Simering suport diuza",115974 - Simering suport diuza _ - buc
,120077 - Simering 70*92 - buc
,120078 - Simering butuc roata Kamaz - buc
"50153005 Piese/accesorii vehicule, Simering suport diuza Итог",
501531 Fulii,
"50153101 Piese/accesorii vehicule, Fulie alternator",115975 - Fulie alternator _ - buc
"50153101 Piese/accesorii vehicule, Fulie alternator Итог",
"50153102 Piese/accesorii vehicule, Fulie ax came",115976 - Fulie ax came _ - buc
"50153102 Piese/accesorii vehicule, Fulie ax came Итог",
"50153103 Piese/accesorii vehicule, Fulie compresor AC",115977 - Fulie compresor AC _ - buc
"50153103 Piese/accesorii vehicule, Fulie compresor AC Итог",
"50153104 Piese/accesorii vehicule, Fulie pompa apa",115978 - Fulie pompa apa _ - buc
"50153104 Piese/accesorii vehicule, Fulie pompa apa Итог",
"50153105 Piese/accesorii vehicule, Fulie pompa servo",115979 - Fulie pompa servo _ - buc
"50153105 Piese/accesorii vehicule, Fulie pompa servo Итог",
"50153106 Piese/accesorii vehicule, Fulie vibrochen",115980 - Fulie vibrochen _ - buc
"50153106 Piese/accesorii vehicule, Fulie vibrochen Итог",
501532 Curea/lan distributie,
"50153201 Piese/accesorii vehicule, Lant distributie",115981 - Lant distributie _ - buc
"50153201 Piese/accesorii vehicule, Lant distributie Итог",
"50153202 Piese/accesorii vehicule, Curea distributie",115982 - Curea distributie _ - buc
,119831 - Curea distributie motor  JCB 3CX - set
,119846 - Curea motor JCB 8030ZTS - set
,121821 - Curea distributie GAZ 53 generator - buc
,121822 - Curea distributie 21x1303 GAZ 53 - buc
,121823 - Curea distributie 14x1180 GAZ 53 - buc
"50153202 Piese/accesorii vehicule, Curea distributie Итог",
"50153203 Piese/accesorii vehicule, Curea de transmisie",115983 - Curea de transmisie _ - buc
"50153203 Piese/accesorii vehicule, Curea de transmisie Итог",
501533 Role distributie/transmisie,
"50153301 Piese/accesorii vehicule, Ghidaj lan distributie",115984 - Ghidaj lan distributie _ - buc
"50153301 Piese/accesorii vehicule, Ghidaj lan distributie Итог",
"50153302 Piese/accesorii vehicule, Intinzator lant distributie",115985 - Intinzator lant distributie _ - buc
"50153302 Piese/accesorii vehicule, Intinzator lant distributie Итог",
"50153303 Piese/accesorii vehicule, Rola ghidaj distributie",115986 - Rola ghidaj distributie _ - buc
"50153303 Piese/accesorii vehicule, Rola ghidaj distributie Итог",
"50153304 Piese/accesorii vehicule, Rola intinzatoare distributie",115987 - Rola intinzatoare distributie _ - buc
"50153304 Piese/accesorii vehicule, Rola intinzatoare distributie Итог",
"50153305 Piese/accesorii vehicule, Rola ghidaj transmisie",115988 - Rola ghidaj transmisie _ - buc
"50153305 Piese/accesorii vehicule, Rola ghidaj transmisie Итог",
"50153306 Piese/accesorii vehicule, Rola intinzatoare transmisie",115989 - Rola intinzatoare transmisie _ - buc
"50153306 Piese/accesorii vehicule, Rola intinzatoare transmisie Итог",
501534 Galerie/colector de admisie,
"50153401 Piese/accesorii vehicule, Galerie/colector de admisie",115990 - Galerie admisie _ - buc
"50153401 Piese/accesorii vehicule, Galerie/colector de admisie Итог",
501535 Rezervor vacuum,
"50153501 Piese/accesorii vehicule, Rezervor vacuum",115991 - Rezervor vacuum _ - buc
"50153501 Piese/accesorii vehicule, Rezervor vacuum Итог",
"501536 Conducte/furtune EGR, ulei si admisie",
"50153601 Piese/accesorii vehicule, Conducta EGR",115992 - Conducta EGR _ - buc
"50153601 Piese/accesorii vehicule, Conducta EGR Итог",
"50153602 Piese/accesorii vehicule, Conducta ulei",115993 - Conducta ulei _ - buc
,121582 - Furtun manometru de ulei  HTZ T-150(K) - buc
,121581 - Conducta ulei MTZ 82 8x13 - m
,121607 - Conducta ulei MAZ 5337 16mm - m
,121614 - Conducta ulei MAZ 5337 9mm - m
"50153602 Piese/accesorii vehicule, Conducta ulei Итог",
"50153603 Piese/accesorii vehicule, Furtun admisie",115994 - Furtun admisie _ - buc
"50153603 Piese/accesorii vehicule, Furtun admisie Итог",
"50153604 Piese/accesorii vehicule, Furtun EGR",115995 - Furtun EGR _ - buc
"50153604 Piese/accesorii vehicule, Furtun EGR Итог",
"50153605 Piese/accesorii vehicule, Furtun vacuum",115996 - Furtun vacuum _ - buc
"50153605 Piese/accesorii vehicule, Furtun vacuum Итог",
501599 Alte piese motor,
"50159901 Piese/accesorii vehicule, Motor complet auto",115997 - Motor complet auto _ - buc
"50159901 Piese/accesorii vehicule, Motor complet auto Итог",
"50159902 Piese/accesorii vehicule, Suruburi chiuloasa",115998 - Suruburi chiuloasa _ - buc
"50159902 Piese/accesorii vehicule, Suruburi chiuloasa Итог",
"50159903 Piese/accesorii vehicule, Contor moto ore",115999 - Contor moto ore _ - buc
"50159903 Piese/accesorii vehicule, Contor moto ore Итог",
501513 Supape admisie/evacuare/limitare,
"50151301 Piese/accesorii vehicule, Supapa admisie",115936 - Supapa admisie _ - buc
,120298 - Supapa admisie KaMaz 5511 - buc
"50151301 Piese/accesorii vehicule, Supapa admisie Итог",
"50151302 Piese/accesorii vehicule, Supapa evacuare",115937 - Supapa evacuare _ - buc
,120314 - Supapa evacuare/reglare presiune KAMAZ - buc
,120624 - Set reparatie supapei de protectie triplu KaMaz - buc
,120625 - Set reparatie supapei de protectie simplu KaMaz - buc
"50151302 Piese/accesorii vehicule, Supapa evacuare Итог",
5016 Turbine si intercooler,
501601 Actuator turbo,
"50160101 Piese/accesorii vehicule, Actuator turbo",116000 - Actuator turbo _ - buc
"50160101 Piese/accesorii vehicule, Actuator turbo Итог",
501602 Blow off valve,
"50160201 Piese/accesorii vehicule, Blow off valve",116001 - Blow off valve _ - buc
"50160201 Piese/accesorii vehicule, Blow off valve Итог",
501603 Boost controller,
"50160301 Piese/accesorii vehicule, Boost controller",116002 - Boost controller _ - buc
"50160301 Piese/accesorii vehicule, Boost controller Итог",
501604 Compresor turbina,
"50160401 Piese/accesorii vehicule, Compresor turbina",116003 - Compresor turbina _ - buc
"50160401 Piese/accesorii vehicule, Compresor turbina Итог",
501605 Furtun intercooler turbo,
"50160501 Piese/accesorii vehicule, Furtun intercooler turbo",116004 - Furtun intercooler turbo _ - buc
"50160501 Piese/accesorii vehicule, Furtun intercooler turbo Итог",
501606 Intercooler,
"50160601 Piese/accesorii vehicule, Intercooler",116005 - Intercooler _ - buc
"50160601 Piese/accesorii vehicule, Intercooler Итог",
501607 Tubulatura intercooler,
"50160701 Piese/accesorii vehicule, Tubulatura intercooler",116006 - Tubulatura intercooler _ - buc
"50160701 Piese/accesorii vehicule, Tubulatura intercooler Итог",
501608 Turbine,
"50160801 Piese/accesorii vehicule, Turbine",116007 - Turbine _ - buc
,121164 - Turbine Guascor SFGLD 560 - buc
"50160801 Piese/accesorii vehicule, Turbine Итог",
501609 Wastegate,
"50160901 Piese/accesorii vehicule, Wastegate",116008 - Wastegate _ - buc
"50160901 Piese/accesorii vehicule, Wastegate Итог",
501699 Alte piese turbo,
"50169901 Piese/accesorii vehicule, Alte piese turbo","116009 - Pozitii neclasificate, Alte piese turbo - buc"
,120066 - Garnitura turbinei KAMAZ - buc
,120067 - Tava(cot) turbinei scurt KAMAZ - buc
,120068 - Robinet pornire separator - buc
"50169901 Piese/accesorii vehicule, Alte piese turbo Итог",
5017 Interioare auto,
501701 Butoane interior auto,
"50170101 Piese/accesorii vehicule, Buton pt geamuri cu actionare electrica",116010 - Buton pt geamuri cu actionare electrica _ - buc
"50170101 Piese/accesorii vehicule, Buton pt geamuri cu actionare electrica Итог",
"50170102 Piese/accesorii vehicule, Buton la volan",116011 - Buton la volan _ - buc
"50170102 Piese/accesorii vehicule, Buton la volan Итог",
"50170103 Piese/accesorii vehicule, Buton de avarie",116012 - Buton de avarie _ - buc
,121333 - Buton intrerupator KaMaz - buc
"50170103 Piese/accesorii vehicule, Buton de avarie Итог",
"50170104 Piese/accesorii vehicule, Buton pt frana de mana",116013 - Buton pt frana de mana _ - buc
"50170104 Piese/accesorii vehicule, Buton pt frana de mana Итог",
"50170105 Piese/accesorii vehicule, Buton pt reglaj faruri",116014 - Buton pt reglaj faruri _ - buc
"50170105 Piese/accesorii vehicule, Buton pt reglaj faruri Итог",
"50170106 Piese/accesorii vehicule, Buton pt reglaj oglinzi",116015 - Buton pt reglaj oglinzi _ - buc
"50170106 Piese/accesorii vehicule, Buton pt reglaj oglinzi Итог",
"50170107 Piese/accesorii vehicule, Buton pt start-stop",116016 - Buton pt start-stop _ - buc
"50170107 Piese/accesorii vehicule, Buton pt start-stop Итог",
501702 Airbaguri,
"50170201 Piese/accesorii vehicule, Airbag",116017 - Airbag _ - buc
"50170201 Piese/accesorii vehicule, Airbag Итог",
"50170202 Piese/accesorii vehicule, Capac airbag",116018 - Capac airbag _ - buc
"50170202 Piese/accesorii vehicule, Capac airbag Итог",
501703 Piese de bord,
"50170301 Piese/accesorii vehicule, Bancheta auto",116019 - Bancheta auto _ - buc
"50170301 Piese/accesorii vehicule, Bancheta auto Итог",
"50170302 Piese/accesorii vehicule, Torpedou",116020 - Torpedou _ - buc
"50170302 Piese/accesorii vehicule, Torpedou Итог",
"50170303 Piese/accesorii vehicule, Plansa bord",116021 - Plansa bord _ - buc
"50170303 Piese/accesorii vehicule, Plansa bord Итог",
"50170304 Piese/accesorii vehicule, Gura ventilatie auto",116022 - Gura ventilatie auto _ - buc
"50170304 Piese/accesorii vehicule, Gura ventilatie auto Итог",
"50170305 Piese/accesorii vehicule, Display auto",116023 - Display auto _ - buc
,120612 - Display auto ZIL 130 - buc
"50170305 Piese/accesorii vehicule, Display auto Итог",
"50170306 Piese/accesorii vehicule, Ceas de bord",116024 - Ceas de bord _ - buc
"50170306 Piese/accesorii vehicule, Ceas de bord Итог",
"50170307 Piese/accesorii vehicule, Odometru",116025 - Odometru _ - buc
"50170307 Piese/accesorii vehicule, Odometru Итог",
501704 Volane,
"50170401 Piese/accesorii vehicule, Volane",116026 - Volan auto _ - buc
"50170401 Piese/accesorii vehicule, Volane Итог",
501705 Tetiere,
"50170501 Piese/accesorii vehicule, Tetiere",116027 - Tetiera _ - buc
"50170501 Piese/accesorii vehicule, Tetiere Итог",
501706 Cotiera auto,
"50170601 Piese/accesorii vehicule, Cotiera auto",116028 - Cotiera auto _ - buc
"50170601 Piese/accesorii vehicule, Cotiera auto Итог",
501707 Schimbatoare,
"50170701 Piese/accesorii vehicule, Manson schimbator",116029 - Manson schimbator _ - buc
"50170701 Piese/accesorii vehicule, Manson schimbator Итог",
"50170702 Piese/accesorii vehicule, Nuca schimbator",116030 - Nuca schimbator _ - buc
"50170702 Piese/accesorii vehicule, Nuca schimbator Итог",
501708 Oglinzi retrovizoare interior,
"50170801 Piese/accesorii vehicule, Oglinzi retrovizoare interior",116031 - Oglinda retrovizoare interior _ - buc
"50170801 Piese/accesorii vehicule, Oglinzi retrovizoare interior Итог",
501709 Maner frana mana,
"50170901 Piese/accesorii vehicule, Maner frana mana",116032 - Maner frana mana _ - buc
"50170901 Piese/accesorii vehicule, Maner frana mana Итог",
501710 Pedale auto,
"50171001 Piese/accesorii vehicule, Pedala acceleratie",116033 - Pedala acceleratie _ - buc
"50171001 Piese/accesorii vehicule, Pedala acceleratie Итог",
"50171002 Piese/accesorii vehicule, Pedala frana",116034 - Pedala frana _ - buc
"50171002 Piese/accesorii vehicule, Pedala frana Итог",
"50171003 Piese/accesorii vehicule, Pedala ambreiaj",116035 - Pedala ambreiaj _ - buc
"50171003 Piese/accesorii vehicule, Pedala ambreiaj Итог",
501711 Centuri siguranta,
"50171101 Piese/accesorii vehicule, Centura siguranta",116036 - Centura siguranta _ - buc
"50171101 Piese/accesorii vehicule, Centura siguranta Итог",
"50171102 Piese/accesorii vehicule, Consola centura siguranta",116037 - Consola centura siguranta _ - buc
"50171102 Piese/accesorii vehicule, Consola centura siguranta Итог",
501712 Covorase auto,
"50171201 Piese/accesorii vehicule, Covoras auto",116038 - Covoras auto _ - buc
"50171201 Piese/accesorii vehicule, Covoras auto Итог",
"50171202 Piese/accesorii vehicule, Mocheta portbagaj",116039 - Mocheta portbagaj _ - buc
"50171202 Piese/accesorii vehicule, Mocheta portbagaj Итог",
501713 Scaune auto,
"50171301 Piese/accesorii vehicule, Scaun fata",116040 - Scaun fata _ - buc
"50171301 Piese/accesorii vehicule, Scaun fata Итог",
"50171302 Piese/accesorii vehicule, Scaun spate",116041 - Scaun spate _ - buc
"50171302 Piese/accesorii vehicule, Scaun spate Итог",
501799 Alte piese interior,
"50179901 Piese/accesorii vehicule, Alte piese interior",116042 - Broasca pt pornire auto - buc
,120675 - Set reparatie VC - buc
"50179901 Piese/accesorii vehicule, Alte piese interior Итог",
5018 Accesorii auto,
501801 Alarme auto,
"50180101 Piese/accesorii vehicule, Alarme auto",116043 - Alarme auto - buc
"50180101 Piese/accesorii vehicule, Alarme auto Итог",
501802 Inchidere centralizata,
"50180201 Piese/accesorii vehicule, Inchidere centralizata",116044 - Inchidere centralizata _ - buc
"50180201 Piese/accesorii vehicule, Inchidere centralizata Итог",
501803 Bare longitudinale,
"50180301 Piese/accesorii vehicule, Bare longitudinale",116045 - Bara longitudinale _ - buc
"50180301 Piese/accesorii vehicule, Bare longitudinale Итог",
501804 Bare portbagaj,
"50180401 Piese/accesorii vehicule, Bare portbagaj",116046 - Bara portbagaj _ - buc
"50180401 Piese/accesorii vehicule, Bare portbagaj Итог",
501805 Cabluri pornire,
"50180501 Piese/accesorii vehicule, Cabluri pornire",116047 - Cablu de pornire _ - buc
"50180501 Piese/accesorii vehicule, Cabluri pornire Итог",
501807 Cui tractare,
"50180701 Piese/accesorii vehicule, Cui tractare",116049 - Cui tractare _ - buc
"50180701 Piese/accesorii vehicule, Cui tractare Итог",
501808 Compresoare si pompe de aer auto,
"50180801 Piese/accesorii vehicule, Compresor de aer auto",116050 - Compresor de aer auto - buc
,120606 - Set reparatie compresorului MAZ ZIL T-150 - set
"50180801 Piese/accesorii vehicule, Compresor de aer auto Итог",
"50180802 Piese/accesorii vehicule, Pompa aer de picior",116051 - Pompa aer de picior - buc
"50180802 Piese/accesorii vehicule, Pompa aer de picior Итог",
"50180803 Piese/accesorii vehicule, Pompa aer de mana",116052 - Pompa aer de mana - buc
"50180803 Piese/accesorii vehicule, Pompa aer de mana Итог",
501809 Husa volan,
"50180901 Piese/accesorii vehicule, Husa volan",116053 - Husa volan - buc
"50180901 Piese/accesorii vehicule, Husa volan Итог",
501810 Huse scaune incalzite,
"50181001 Piese/accesorii vehicule, Huse scaune incalzite",116054 - Husa scaune incalzite - buc
"50181001 Piese/accesorii vehicule, Huse scaune incalzite Итог",
501811 Huse scaune de protectie,
"50181101 Piese/accesorii vehicule, Huse scaune de protectie",116055 - Husa scaune de protectie - buc
"50181101 Piese/accesorii vehicule, Huse scaune de protectie Итог",
501899 Alte accesorii auto,
"50189901 Piese/accesorii vehicule, Alte accesorii auto","116056 - Pozitii neclasificate, Alte accesorii auto - buc"
"50189901 Piese/accesorii vehicule, Alte accesorii auto Итог",
501806 Mecanisme de cuplare/tractare,
"50180601 Piese/accesorii vehicule, Mecanisme de cuplare/tractare",116048 - Carlig remorcare _ - buc
,120117 - Mecanism de cuplare/tractare IVECO - buc
"50180601 Piese/accesorii vehicule, Mecanisme de cuplare/tractare Итог",
"5019 Anvelope, discuri si accesorii roti",
501901 Anvelope,
"50190101 Piese/accesorii vehicule, Anvelope de iarna",116057 - Anvelope de iarna _ _ - buc
,116058 - Anvelope de iarna R13x165x70 pt autoturisme - buc
,116059 - Anvelope de iarna R13x175x70 pt autoturisme - buc
,116060 - Anvelope de iarna R14x185x65 pt autoturisme - buc
,116061 - Anvelope de iarna R15x185x65 pt autoturisme - buc
,116062 - Anvelope de iarna R16x185x75 pt autoturisme - buc
,116063 - Anvelope de iarna R16x205x55 pt autoturisme - buc
,116064 - Anvelope de iarna R16x205x60 pt autoturisme - buc
,116065 - Anvelope de iarna R16x215x65 pt autoturisme - buc
,116066 - Anvelope de iarna R16x225x75 pt furgoane - buc
,116067 - Anvelope de iarna R18x255x55 pt furgoane - buc
,120213 - Anvelope de iarna R15x205x70 - buc
,120214 - Anvelope de iarna R16Cx205x70 - buc
,121015 - Anvelope de iarna 175/70 R13 M+S - buc
,121016 - Anvelope de iarna 185/65 R15 M+S - buc
,121017 - Anvelope de iarna 215/65 R16 M+S - buc
"50190101 Piese/accesorii vehicule, Anvelope de iarna Итог",
"50190102 Piese/accesorii vehicule, Anvelope de vara",116068 - Anvelope de vara _ _ - buc
,116069 - Anvelope de vara R15x185x65 pt autoturisme - buc
,116070 - Anvelope de vara R16x185x75 pt autoturisme - buc
,116071 - Anvelope de vara R16x185x75 pt furgoane - buc
,116072 - Anvelope de vara R16x215x55 pt autoturisme - buc
,116073 - Anvelope de vara R16x215x65 pt autoturisme - buc
,116074 - Anvelope de vara R18x255x55 pt furgoane - buc
,120209 - Anvelope de vara R13x175x70 - buc
,120211 - Anvelope de vara R14x185x65 - buc
,120212 - Anvelope de vara R15x205x70 - buc
,120983 - Anvelope de vara 185/70 R14 - buc
,120986 - Anvelope de vara 205/75 R16C - buc
,121025 - Anvelope de vara 185/65 R15 - buc
"50190102 Piese/accesorii vehicule, Anvelope de vara Итог",
"50190103 Piese/accesorii vehicule, Anvelope de iarna-vara",116075 - Anvelope de iarna-vara _ _ - buc
,116076 - Anvelope de iarna-vara R13x175x70 pt autoturisme - buc
,116077 - Anvelope de iarna-vara R14x175x70 pt autoturisme - buc
,116078 - Anvelope de iarna-vara R14x185x65 pt autoturisme - buc
,116079 - Anvelope de iarna-vara R14x185x70 pt autoturisme - buc
,116080 - Anvelope de iarna-vara R15x185x65 pt autoturisme - buc
,116081 - Anvelope de iarna-vara R15x195x70 pt autoturisme - buc
,116082 - Anvelope de iarna-vara R15x215x90 pt autoturisme - buc
,116083 - Anvelope de iarna-vara R15x235x75 pt furgoane - buc
,116084 - Anvelope de iarna-vara R16x175x80 pt furgoane - buc
,116085 - Anvelope de iarna-vara R16x185x75 pt autoturisme - buc
,116086 - Anvelope de iarna-vara R16x185x75 pt furgoane - buc
,116087 - Anvelope de iarna-vara R16x205x55 pt autoturisme - buc
,116088 - Anvelope de iarna-vara R16x205x60 pt autoturisme - buc
,116089 - Anvelope de iarna-vara R16x205x70 pt autoturisme - buc
,116090 - Anvelope de iarna-vara R16x215x65 pt autoturisme - buc
,116091 - Anvelope de iarna-vara R16x215x70 pt autoturisme - buc
,116092 - Anvelope de iarna-vara R16x225x75 pt furgoane - buc
,"116093 - Anvelope de iarna-vara R22,5x295x80 pt camioane - buc"
,"116094 - Anvelope de iarna-vara R22,5x315x80 pt camioane - buc"
,"116095 - Anvelope de iarna-vara R22,5x385x60 pt camioane - buc"
,116096 - Anvelope de iarna-vara R26x480x80 pt camioane - buc
,"119726 - Anvelope de iarna-vara, R16,5x70x18 pt furgoane - buc"
,120215 - Anvelope de iarna-vara R16Cx225x75 - buc
,120216 - Anvelope de iarna-vara R20x280x508 - buc
,120217 - Anvelope 8PR 6.5x16 - buc
,120218 - Anvelope 14PR 12.5x80-18 - buc
,120219 - Anvelope 16PR 18.5-30 - buc
,120221 - Anvelope 14PR 18.4-26 - buc
,120258 - Anvelope 8.3-20 PR8 - buc
,120259 - Anvelope 15.5-38 PR12 - buc
,120260 - Anvelope 540/70 R24 21.3 - buc
,120254 - Anvelope 9.00 R20 260x508 - buc
,120255 - Anvelope de iarna-vara 315/80 R22.5 M+S axa spate - buc
,120257 - Anvelope de iarna-vara 385/65 R22.5 M+S axa fata - buc
,120981 - Anvelope 10.00 R20 280x508 - buc
,120982 - Anvelope 1220x400-533 - buc
,120985 - Anvelope de iarna-vara 195/70 R15C M+S - buc
,120987 - Anvelope 7.50-20 220x508 - buc
,120988 - Anvelope de iarna-vara 225/75R16C M+S - buc
,120989 - Anvelope  8.25 R20 240x508 - buc
,120990 - Anvelope de iarna-vara 315/80 R22.5 M+S axa fata - buc
,120991 - Anvelope 8.40-15 215x90 - buc
,120992 - Anvelope 11.2-20 - buc
,120993 - Anvelope 12.4-28 - buc
,120994 - Anvelope 12.5/80-18 - buc
,120995 - Anvelope 12.00-18 - buc
,120996 - Anvelope 15.5-38 - buc
,120997 - Anvelope 16.5/70-18 - buc
,120998 - Anvelope 18.4-26 - buc
,121000 - Anvelope 18.4-30 - buc
,121001 - Anvelope de iarna-vara 195 R14C M+S - buc
,121002 - Anvelope 21.3-24 - buc
,121003 - Anvelope 23.1-26 - buc
,121004 - Anvelope 9.50-32 - buc
,121005 - Anvelope 9.00-16 - buc
,121006 - Anvelope 9.00-20 agricole - buc
,121027 - Anvelope de iarna-vara 185/75 R16C M+S - buc
"50190103 Piese/accesorii vehicule, Anvelope de iarna-vara Итог",
501902 Jante,
"50190201 Piese/accesorii vehicule, Jante",116097 - Janta _ _ _ _ - buc
,116098 - Janta _ _ _mm _ - buc
,"116099 - Janta otel R16x5x114,3 18mm _ - buc"
,120379 - Disc roata KAMAZ - buc
"50190201 Piese/accesorii vehicule, Jante Итог",
501903 Capace la jante,
"50190301 Piese/accesorii vehicule, Capace la jante",116100 - Capac la jante _ - buc
"50190301 Piese/accesorii vehicule, Capace la jante Итог",
501904 Aparatori noroi,
"50190401 Piese/accesorii vehicule, Aparatori noroi",116101 - Aparator de noroi _ - buc
"50190401 Piese/accesorii vehicule, Aparatori noroi Итог",
501905 Capacele ventil,
"50190501 Piese/accesorii vehicule, Capacele ventil",116102 - Capacel la ventil _ - buc
"50190501 Piese/accesorii vehicule, Capacele ventil Итог",
501906 Distantiere roti,
"50190601 Piese/accesorii vehicule, Distantiere roti",116103 - Distantiera roti _ - buc
"50190601 Piese/accesorii vehicule, Distantiere roti Итог",
501907 Lanturi antiderapante,
"50190701 Piese/accesorii vehicule, Lanturi antiderapante",116104 - Lanturi antiderapante _ - buc
"50190701 Piese/accesorii vehicule, Lanturi antiderapante Итог",
501908 Piulite/perzoane,
"50190801 Piese/accesorii vehicule, Piulita la roti",116105 - Piulita la roti _ - buc
,120672 - Piulita la roti MAZ 5337 - buc
,121710 - Piulita la roti KaMaz - buc
,121711 - Fixator KaMaz - buc
,121712 - Bucsa bulonului de arc KaMaz - buc
,121713 - Bulon de arc KaMaz - buc
,"121739 - Piulita la roti M20x1,5 KaMaz - buc"
,121741 - Piulita la roti M22x15 GAZ 53 - buc
"50190801 Piese/accesorii vehicule, Piulita la roti Итог",
"50190802 Piese/accesorii vehicule, Perzon la roti",116106 - Prizon la roti _ - buc
,120671 - Prizon la roti MAZ 5337 - buc
,121709 - Prizon la roti KaMaz - buc
"50190802 Piese/accesorii vehicule, Perzon la roti Итог",
501999 Alte accesorii roti,
"50199901 Piese/accesorii vehicule, Valve mecanice pt roti",116107 - Valva mecanica pt roti _ - buc
"50199901 Piese/accesorii vehicule, Valve mecanice pt roti Итог",
"50199902 Piese/accesorii vehicule, Ventile pt valve mecanice la roti",116108 - Ventil pt valve mecanice la roti _ - buc
"50199902 Piese/accesorii vehicule, Ventile pt valve mecanice la roti Итог",
"50199903 Piese/accesorii vehicule, Capace pt valve mecanice la roti",116109 - Capac pt valve mecanice la roti _ - buc
"50199903 Piese/accesorii vehicule, Capace pt valve mecanice la roti Итог",
"50199904 Piese/accesorii vehicule, Greutati de balansare la roti",116110 - Greutati de balansare la roti - buc
"50199904 Piese/accesorii vehicule, Greutati de balansare la roti Итог",
5020 Sistem hidraulic,
502001 Distribuitoare hidraulice,
"50200101 Piese/accesorii vehicule, Distribuitoare hidraulice",116111 - Distribuitor hidraulic _ - buc
,120662 - Set reparatie distribuitor hidraulic KaMaz - set
"50200101 Piese/accesorii vehicule, Distribuitoare hidraulice Итог",
502002 Cilindri hidraulici,
"50200201 Piese/accesorii vehicule, Cilindri hidraulici",116112 - Cilindru hidraulic la vehicole _ - buc
"50200201 Piese/accesorii vehicule, Cilindri hidraulici Итог",
502003 Motoare hidraulice,
"50200301 Piese/accesorii vehicule, Motoare hidraulice",116113 - Motor hidraulic vehicole _ - buc
"50200301 Piese/accesorii vehicule, Motoare hidraulice Итог",
502004 Pompe hidraulice,
"50200401 Piese/accesorii vehicule, Pompe hidraulice",116114 - Pompa hidraulica vehicole _ - buc
,120482 - Pompa hidraulica NS-10 KaMaz 5511 - buc
,121303 - Pompa hidraulica vehicole  NS-50 KaMaz - buc
"50200401 Piese/accesorii vehicule, Pompe hidraulice Итог",
502005 Furtune si mufe de presiune inalta,
"50200501 Piese/accesorii vehicule, Furtun de presiune inalata la sistema hidraulica pt vehicole",116115 - Furtun de presiune inalata la sistema hidraulica pt vehicole _ - buc
,119826 - Furtun hidraulic JCB 3CX - set
,119841 - Furtun hidraulic JCB 8030ZTS - buc
,120639 - Furtun cabina KaMaz - buc
"50200501 Piese/accesorii vehicule, Furtun de presiune inalata la sistema hidraulica pt vehicole Итог",
"50200502 Piese/accesorii vehicule, Mufa sistema hidraulica",116116 - Mufa sistema hidraulica _ - buc
"50200502 Piese/accesorii vehicule, Mufa sistema hidraulica Итог",
"50200503 Piese/accesorii vehicule, Conector cu filet la compresorul de aer pt tractoare",116117 - Conector cu filet la compresorul de aer pt tractoare _ - buc
"50200503 Piese/accesorii vehicule, Conector cu filet la compresorul de aer pt tractoare Итог",
502099 Alte piese la sistemul hidraulic,
"50209901 Piese/accesorii vehicule, Alte piese la sistemul hidraulic","116118 - Pozitii neclasificate, Alte piese la sistemul hidraulic - buc"
,119858 - Filtru hidraulic - set
,120388 - Placa de uzura telescop JSB - buc
,121299 - Conducta pompa NS-50 KaMaz - buc
,121300 - Distrtibuitor hidraulic KaMaz - buc
,121301 - Garnitura pompa NS-50 KaMaz - buc
,121302 - Inel conducta pompa NS-50 KaMaz - buc
,121305 - Garnitura cauciuc rezervor hidraulic KaMaz - buc
,121530 - Rezervor hidraulic KaMaz - buc
"50209901 Piese/accesorii vehicule, Alte piese la sistemul hidraulic Итог",
5021 Alte piese pt mecanisme,
502101 Lami si cutite la buldozere,
"50210101 Piese/accesorii vehicule, Lama (lopata) la buldozere",116119 - Lama (lopata) _ - buc
"50210101 Piese/accesorii vehicule, Lama (lopata) la buldozere Итог",
"50210102 Piese/accesorii vehicule, Cutit lama la tractoare",116120 - Cutit lama _ - buc
"50210102 Piese/accesorii vehicule, Cutit lama la tractoare Итог",
502102 Cupe la excavatoare,
"50210201 Piese/accesorii vehicule, Cupa la excavatoare",116121 - Cupa _ - buc
"50210201 Piese/accesorii vehicule, Cupa la excavatoare Итог",
"50210202 Piese/accesorii vehicule, Dinte cupa la excavatoare",116122 - Dinte cupa - buc
,"119832 - Dinte caus in set cu buloane, piulite  JCB 3CX - buc"
,"119848 - Dinte caus in set cu buloane, piulite JCB 8030ZTS - buc"
"50210202 Piese/accesorii vehicule, Dinte cupa la excavatoare Итог",
502103 Motor de pornire si accesorii,
"50210301 Piese/accesorii vehicule, Motor de pornire si accesorii",116123 - Motor de pornire _ - buc
"50210301 Piese/accesorii vehicule, Motor de pornire si accesorii Итог",
502104 Compresoare de aer pt mecanisme,
"50210401 Piese/accesorii vehicule, Compresoare de aer pt mecanisme",116124 - Compresor de aer pt mecanisme _ - buc
"50210401 Piese/accesorii vehicule, Compresoare de aer pt mecanisme Итог",
502105 Bara bratului taietor,
"50210502 Piese/accesorii vehicule, Dinte la bara bratului taietor",120431 - Dinte instalatie brat taietor - buc
,120618 - Fixator al cutitului instalatie brat taietor - buc
,121688 - Stea bara MTZ 82 - buc
"50210502 Piese/accesorii vehicule, Dinte la bara bratului taietor Итог",
"50210501 Piese/accesorii vehicule, Bara bratului taietor", -  - 
"50210501 Piese/accesorii vehicule, Bara bratului taietor Итог",
"50210599 Piese/accesorii vehicule, Alte piese la bara bratului taietor", -  - 
"50210599 Piese/accesorii vehicule, Alte piese la bara bratului taietor Итог",
5099 Alte piese auto,
509999 Alte piese auto,
"50999999 Piese/accesorii vehicule, Alte piese auto", -  - 
"50999999 Piese/accesorii vehicule, Alte piese auto Итог",
5022 Alte piese pt remorci,
502201 Piese pt remorci,
"50220106 Piese/accesorii vehicule, Cuple remorci","121755 - Cupla, robinet remorca KaMaz - buc"
"50220106 Piese/accesorii vehicule, Cuple remorci Итог",
"50220101 Piese/accesorii vehicule, Axa completa remorci", -  - 
"50220101 Piese/accesorii vehicule, Axa completa remorci Итог",
"50220102 Piese/accesorii vehicule, Amortizoare soc franare remorci", -  - 
"50220102 Piese/accesorii vehicule, Amortizoare soc franare remorci Итог",
"50220103 Piese/accesorii vehicule, Cabluri frana remorci", -  - 
"50220103 Piese/accesorii vehicule, Cabluri frana remorci Итог",
"50220104 Piese/accesorii vehicule, Aripi remorci", -  - 
"50220104 Piese/accesorii vehicule, Aripi remorci Итог",
"50220105 Piese/accesorii vehicule, Dispozitiv inertial de franare remorci", -  - 
"50220105 Piese/accesorii vehicule, Dispozitiv inertial de franare remorci Итог",
"50220107 Piese/accesorii vehicule, Punte/Tambur remorci", -  - 
"50220107 Piese/accesorii vehicule, Punte/Tambur remorci Итог",
"50220108 Piese/accesorii vehicule, Balansier remorci", -  - 
"50220108 Piese/accesorii vehicule, Balansier remorci Итог",
502202 Electrice,
"50220201 Piese/accesorii vehicule, Cablaj instalatie electrica remorci", -  - 
"50220201 Piese/accesorii vehicule, Cablaj instalatie electrica remorci Итог",
"50220202 Piese/accesorii vehicule, Conectori cablaj remorci", -  - 
"50220202 Piese/accesorii vehicule, Conectori cablaj remorci Итог",
"50220203 Piese/accesorii vehicule, Lampi gabarit spate remorci", -  - 
"50220203 Piese/accesorii vehicule, Lampi gabarit spate remorci Итог",
"50220204 Piese/accesorii vehicule, Lampi pozitie numar remorci", -  - 
"50220204 Piese/accesorii vehicule, Lampi pozitie numar remorci Итог",
"50220205 Piese/accesorii vehicule, Lampi gabarit laterale remorci", -  - 
"50220205 Piese/accesorii vehicule, Lampi gabarit laterale remorci Итог",
"50220206 Piese/accesorii vehicule, Lampi pozitie fata remorci", -  - 
"50220206 Piese/accesorii vehicule, Lampi pozitie fata remorci Итог",
"50220207 Piese/accesorii vehicule, Lampi spate remorci", -  - 
"50220207 Piese/accesorii vehicule, Lampi spate remorci Итог",
"50220208 Piese/accesorii vehicule, Reflectorizante remorci", -  - 
"50220208 Piese/accesorii vehicule, Reflectorizante remorci Итог",
502203 Accesorii pt remorci,
"50220301 Piese/accesorii vehicule, Picioare sprijin remorci", -  - 
"50220301 Piese/accesorii vehicule, Picioare sprijin remorci Итог",
"50220302 Piese/accesorii vehicule, Roti manevra remorci", -  - 
"50220302 Piese/accesorii vehicule, Roti manevra remorci Итог",
"50220303 Piese/accesorii vehicule, Inel ancorare remorci", -  - 
"50220303 Piese/accesorii vehicule, Inel ancorare remorci Итог",
"50220304 Piese/accesorii vehicule, Troliu instalat remorci", -  - 
"50220304 Piese/accesorii vehicule, Troliu instalat remorci Итог",
"50220305 Piese/accesorii vehicule, Rampe auto remorci", -  - 
"50220305 Piese/accesorii vehicule, Rampe auto remorci Итог",
502299 Alte piese pt remorci,
"50229999 Piese/accesorii vehicule, Alte piese pt remorci", -  - 
"50229999 Piese/accesorii vehicule, Alte piese pt remorci Итог",
Общий итог,